Timestamp,total-bitcoins
27/09/2020 1:05,18500968.75
27/09/2020 2:29,18500987.5
27/09/2020 3:35,18501006.25
27/09/2020 3:53,18501025
27/09/2020 4:41,18501043.75
27/09/2020 5:22,18501062.5
27/09/2020 5:46,18501081.25
27/09/2020 6:05,18501100
27/09/2020 6:33,18501118.75
27/09/2020 6:53,18501137.5
27/09/2020 7:18,18501156.25
27/09/2020 7:28,18501175
27/09/2020 8:13,18501193.75
27/09/2020 8:22,18501212.5
27/09/2020 8:46,18501231.25
27/09/2020 9:10,18501250
27/09/2020 9:18,18501268.75
27/09/2020 9:48,18501287.5
27/09/2020 10:06,18501306.25
27/09/2020 10:58,18501325
27/09/2020 11:24,18501343.75
27/09/2020 11:56,18501362.5
27/09/2020 12:07,18501381.25
27/09/2020 12:35,18501400
27/09/2020 12:50,18501418.75
27/09/2020 12:55,18501437.5
27/09/2020 13:38,18501456.25
27/09/2020 14:40,18501475
27/09/2020 15:19,18501493.75
27/09/2020 15:34,18501512.5
27/09/2020 16:11,18501531.25
27/09/2020 16:34,18501556.25
27/09/2020 16:45,18501575
27/09/2020 16:57,18501593.75
27/09/2020 17:44,18501612.5
27/09/2020 18:15,18501631.25
27/09/2020 18:41,18501650
27/09/2020 18:58,18501668.75
27/09/2020 19:05,18501687.5
27/09/2020 19:30,18501706.25
27/09/2020 19:46,18501725
27/09/2020 20:45,18501743.75
27/09/2020 20:47,18501762.5
27/09/2020 21:27,18501781.25
27/09/2020 22:00,18501800
27/09/2020 22:19,18501818.75
27/09/2020 22:59,18501837.5
27/09/2020 23:29,18501856.25
27/09/2020 23:39,18501875
28/09/2020 0:08,18501893.75
28/09/2020 0:42,18501912.5
28/09/2020 1:30,18501931.25
28/09/2020 1:54,18501950
28/09/2020 2:12,18501968.75
28/09/2020 3:16,18501987.5
28/09/2020 4:29,18502006.25
28/09/2020 4:37,18502025
28/09/2020 4:48,18502043.75
28/09/2020 5:39,18502062.5
28/09/2020 6:12,18502081.25
28/09/2020 6:32,18502100
28/09/2020 7:13,18502118.75
28/09/2020 7:22,18502137.5
28/09/2020 7:37,18502156.25
28/09/2020 8:02,18502175
28/09/2020 8:23,18502193.75
28/09/2020 9:00,18502212.5
28/09/2020 9:51,18502231.25
28/09/2020 10:22,18502250
28/09/2020 10:32,18502268.75
28/09/2020 10:46,18502287.5
28/09/2020 11:19,18502306.25
28/09/2020 11:37,18502325
28/09/2020 12:15,18502343.75
28/09/2020 12:40,18502362.5
28/09/2020 13:00,18502381.25
28/09/2020 13:37,18502400
28/09/2020 14:44,18502418.75
28/09/2020 15:39,18502437.5
28/09/2020 16:07,18502456.25
28/09/2020 16:38,18502475
28/09/2020 17:27,18502493.75
28/09/2020 18:29,18502512.5
28/09/2020 19:03,18502531.25
28/09/2020 19:27,18502550
28/09/2020 20:11,18502568.75
28/09/2020 20:37,18502587.5
28/09/2020 21:19,18502606.25
28/09/2020 21:50,18502625
28/09/2020 22:14,18502643.75
28/09/2020 22:43,18502662.5
28/09/2020 23:20,18502681.25
28/09/2020 23:57,18502700
29/09/2020 1:03,18502725
29/09/2020 1:33,18502743.75
29/09/2020 1:59,18502762.5
29/09/2020 2:15,18502781.25
29/09/2020 2:25,18502800
29/09/2020 2:37,18502818.75
29/09/2020 3:14,18502837.5
29/09/2020 3:31,18502856.25
29/09/2020 3:48,18502875
29/09/2020 4:22,18502893.75
29/09/2020 4:48,18502912.5
29/09/2020 5:55,18502931.25
29/09/2020 6:17,18502950
29/09/2020 7:11,18502968.75
29/09/2020 8:28,18502987.5
29/09/2020 8:51,18503006.25
29/09/2020 9:14,18503025
29/09/2020 9:32,18503043.75
29/09/2020 9:49,18503062.5
29/09/2020 10:37,18503081.25
29/09/2020 11:01,18503100
29/09/2020 11:16,18503118.75
29/09/2020 11:39,18503137.5
29/09/2020 13:00,18503156.25
29/09/2020 13:26,18503175
29/09/2020 13:38,18503193.75
29/09/2020 13:52,18503212.5
29/09/2020 14:13,18503231.25
29/09/2020 14:34,18503250
29/09/2020 14:44,18503268.75
29/09/2020 15:14,18503287.5
29/09/2020 16:05,18503306.25
29/09/2020 16:30,18503325
29/09/2020 17:05,18503343.75
29/09/2020 17:35,18503362.5
29/09/2020 18:21,18503381.25
29/09/2020 19:00,18503400
29/09/2020 19:51,18503418.75
29/09/2020 20:53,18503437.5
29/09/2020 21:02,18503456.25
29/09/2020 21:42,18503475
29/09/2020 21:53,18503493.75
29/09/2020 22:35,18503512.5
29/09/2020 23:04,18503531.25
29/09/2020 23:38,18503550
30/09/2020 0:05,18503568.75
30/09/2020 0:34,18503587.5
30/09/2020 1:04,18503606.25
30/09/2020 1:51,18503625
30/09/2020 2:31,18503643.75
30/09/2020 2:39,18503662.5
30/09/2020 2:58,18503681.25
30/09/2020 3:38,18503700
30/09/2020 3:49,18503718.75
30/09/2020 4:03,18503737.5
30/09/2020 4:45,18503756.25
30/09/2020 5:17,18503775
30/09/2020 6:03,18503793.75
30/09/2020 6:34,18503812.5
30/09/2020 6:50,18503831.25
30/09/2020 7:19,18503850
30/09/2020 7:25,18503868.75
30/09/2020 7:35,18503887.5
30/09/2020 7:57,18503906.25
30/09/2020 9:09,18503925
30/09/2020 9:55,18503943.75
30/09/2020 10:40,18503962.5
30/09/2020 11:06,18503981.25
30/09/2020 11:28,18504000
30/09/2020 12:15,18504018.75
30/09/2020 12:21,18504037.5
30/09/2020 12:48,18504056.25
30/09/2020 13:06,18504075
30/09/2020 13:33,18504093.75
30/09/2020 13:56,18504112.5
30/09/2020 14:11,18504131.25
30/09/2020 14:40,18504150
30/09/2020 14:57,18504168.75
30/09/2020 15:14,18504187.5
30/09/2020 15:24,18504206.25
30/09/2020 15:41,18504225
30/09/2020 15:58,18504243.75
30/09/2020 16:41,18504262.5
30/09/2020 17:05,18504281.25
30/09/2020 18:18,18504300
30/09/2020 18:38,18504318.75
30/09/2020 18:59,18504337.5
30/09/2020 20:05,18504356.25
30/09/2020 20:54,18504375
30/09/2020 21:36,18504393.75
30/09/2020 22:02,18504412.5
30/09/2020 22:29,18504431.25
30/09/2020 22:48,18504450
30/09/2020 22:58,18504468.75
30/09/2020 23:07,18504487.5
30/09/2020 23:38,18504506.25
01/10/2020 0:07,18504525
01/10/2020 0:20,18504543.75
01/10/2020 0:46,18504562.5
01/10/2020 1:05,18504581.25
01/10/2020 1:23,18504600
01/10/2020 1:35,18504618.75
01/10/2020 2:09,18504637.5
01/10/2020 2:23,18504656.25
01/10/2020 3:35,18504675
01/10/2020 4:11,18504693.75
01/10/2020 4:52,18504712.5
01/10/2020 6:08,18504731.25
01/10/2020 6:46,18504750
01/10/2020 7:41,18504768.75
01/10/2020 8:11,18504787.5
01/10/2020 8:16,18504806.25
01/10/2020 9:06,18504825
01/10/2020 9:52,18504843.75
01/10/2020 10:11,18504862.5
01/10/2020 11:47,18504881.25
01/10/2020 12:08,18504900
01/10/2020 12:58,18504918.75
01/10/2020 13:28,18504937.5
01/10/2020 14:15,18504956.25
01/10/2020 14:41,18504975
01/10/2020 15:45,18504993.75
01/10/2020 16:18,18505012.5
01/10/2020 16:41,18505031.25
01/10/2020 17:10,18505050
01/10/2020 17:32,18505068.75
01/10/2020 17:58,18505087.5
01/10/2020 18:17,18505106.25
01/10/2020 19:06,18505125
01/10/2020 19:50,18505143.75
01/10/2020 20:21,18505162.5
01/10/2020 20:47,18505181.25
01/10/2020 21:02,18505200
01/10/2020 21:28,18505218.75
01/10/2020 21:53,18505237.5
01/10/2020 22:00,18505256.25
01/10/2020 22:45,18505275
01/10/2020 23:38,18505293.75
02/10/2020 0:05,18505312.5
02/10/2020 0:39,18505331.25
02/10/2020 0:54,18505350
02/10/2020 1:13,18505368.75
02/10/2020 2:02,18505387.5
02/10/2020 2:43,18505406.25
02/10/2020 3:11,18505425
02/10/2020 3:43,18505443.75
02/10/2020 4:11,18505462.5
02/10/2020 4:41,18505481.25
02/10/2020 5:12,18505500
02/10/2020 5:29,18505518.75
02/10/2020 5:53,18505537.5
02/10/2020 6:09,18505556.25
02/10/2020 7:03,18505575
02/10/2020 8:06,18505593.75
02/10/2020 8:48,18505612.5
02/10/2020 9:30,18505631.25
02/10/2020 10:37,18505650
02/10/2020 11:03,18505668.75
02/10/2020 12:17,18505687.5
02/10/2020 12:34,18505706.25
02/10/2020 13:02,18505725
02/10/2020 13:19,18505743.75
02/10/2020 13:51,18505762.5
02/10/2020 14:13,18505781.25
02/10/2020 14:32,18505800
02/10/2020 14:44,18505818.75
02/10/2020 15:12,18505837.5
02/10/2020 15:37,18505856.25
02/10/2020 16:03,18505875
02/10/2020 17:03,18505893.75
02/10/2020 17:19,18505912.5
02/10/2020 17:34,18505931.25
02/10/2020 18:10,18505950
02/10/2020 18:45,18505968.75
02/10/2020 19:06,18505987.5
02/10/2020 19:35,18506006.25
02/10/2020 19:57,18506025
02/10/2020 20:52,18506043.75
02/10/2020 21:19,18506062.5
02/10/2020 21:54,18506081.25
02/10/2020 22:13,18506100
02/10/2020 22:24,18506118.75
02/10/2020 22:42,18506137.5
02/10/2020 23:05,18506156.25
02/10/2020 23:45,18506175
03/10/2020 0:29,18506193.75
03/10/2020 1:19,18506212.5
03/10/2020 1:59,18506231.25
03/10/2020 2:09,18506250
03/10/2020 2:51,18506268.75
03/10/2020 3:12,18506287.5
03/10/2020 3:27,18506306.25
03/10/2020 3:42,18506325
03/10/2020 3:56,18506343.75
03/10/2020 4:18,18506362.5
03/10/2020 4:34,18506381.25
03/10/2020 4:44,18506400
03/10/2020 5:06,18506418.75
03/10/2020 5:20,18506437.5
03/10/2020 5:53,18506456.25
03/10/2020 6:30,18506475
03/10/2020 7:25,18506493.75
03/10/2020 8:02,18506512.5
03/10/2020 8:07,18506531.25
03/10/2020 8:14,18506550
03/10/2020 8:49,18506568.75
03/10/2020 9:06,18506587.5
03/10/2020 9:31,18506606.25
03/10/2020 9:42,18506625
03/10/2020 10:36,18506643.75
03/10/2020 10:49,18506662.5
03/10/2020 11:57,18506681.25
03/10/2020 13:25,18506700
03/10/2020 13:36,18506718.75
03/10/2020 13:46,18506737.5
03/10/2020 14:13,18506762.5
03/10/2020 14:37,18506781.25
03/10/2020 15:43,18506800
03/10/2020 15:47,18506818.75
03/10/2020 16:26,18506837.5
03/10/2020 16:35,18506856.25
03/10/2020 17:22,18506875
03/10/2020 17:30,18506893.75
03/10/2020 17:57,18506912.5
03/10/2020 18:11,18506931.25
03/10/2020 18:26,18506950
03/10/2020 19:01,18506968.75
03/10/2020 19:16,18506987.5
03/10/2020 20:17,18507006.25
03/10/2020 20:43,18507025
03/10/2020 21:16,18507043.75
03/10/2020 23:00,18507062.5
03/10/2020 23:20,18507081.25
03/10/2020 23:56,18507100
04/10/2020 0:17,18507118.75
04/10/2020 0:45,18507137.5
04/10/2020 1:03,18507156.25
04/10/2020 1:22,18507175
04/10/2020 1:40,18507193.75
04/10/2020 1:54,18507212.5
04/10/2020 2:07,18507231.25
04/10/2020 2:40,18507250
04/10/2020 2:46,18507268.75
04/10/2020 3:35,18507287.5
04/10/2020 4:19,18507306.25
04/10/2020 4:32,18507325
04/10/2020 4:38,18507343.75
04/10/2020 5:26,18507362.5
04/10/2020 6:08,18507381.25
04/10/2020 7:27,18507400
04/10/2020 7:44,18507418.75
04/10/2020 8:20,18507437.5
04/10/2020 8:37,18507456.25
04/10/2020 8:58,18507475
04/10/2020 9:28,18507493.75
04/10/2020 9:36,18507512.5
04/10/2020 10:37,18507531.25
04/10/2020 11:23,18507550
04/10/2020 11:28,18507568.75
04/10/2020 11:40,18507587.5
04/10/2020 11:55,18507606.25
04/10/2020 12:19,18507625
04/10/2020 12:38,18507643.75
04/10/2020 13:26,18507662.5
04/10/2020 14:14,18507681.25
04/10/2020 14:18,18507700
04/10/2020 14:39,18507718.75
04/10/2020 15:21,18507737.5
04/10/2020 15:51,18507756.25
04/10/2020 16:35,18507775
04/10/2020 16:46,18507793.75
04/10/2020 17:19,18507812.5
04/10/2020 17:37,18507831.25
04/10/2020 17:44,18507850
04/10/2020 18:21,18507868.75
04/10/2020 18:51,18507887.5
04/10/2020 19:15,18507906.25
04/10/2020 20:05,18507925
04/10/2020 20:21,18507943.75
04/10/2020 20:35,18507962.5
04/10/2020 21:03,18507981.25
04/10/2020 22:30,18508000
04/10/2020 22:48,18508018.75
04/10/2020 23:05,18508037.5
04/10/2020 23:25,18508056.25
04/10/2020 23:45,18508075
05/10/2020 0:03,18508093.75
05/10/2020 0:19,18508112.5
05/10/2020 0:49,18508131.25
05/10/2020 1:43,18508150
05/10/2020 2:25,18508168.75
05/10/2020 2:43,18508187.5
05/10/2020 3:02,18508206.25
05/10/2020 3:24,18508225
05/10/2020 3:58,18508243.75
05/10/2020 4:34,18508262.5
05/10/2020 5:33,18508281.25
05/10/2020 6:01,18508300
05/10/2020 6:18,18508318.75
05/10/2020 6:36,18508337.5
05/10/2020 7:00,18508356.25
05/10/2020 7:29,18508375
05/10/2020 8:08,18508393.75
05/10/2020 8:22,18508412.5
05/10/2020 9:04,18508431.25
05/10/2020 9:26,18508450
05/10/2020 9:56,18508468.75
05/10/2020 10:24,18508487.5
05/10/2020 10:48,18508512.5
05/10/2020 11:02,18508531.25
05/10/2020 11:30,18508550
05/10/2020 11:49,18508568.75
05/10/2020 12:32,18508587.5
05/10/2020 13:29,18508606.25
05/10/2020 13:44,18508625
05/10/2020 15:04,18508643.75
05/10/2020 15:36,18508662.5
05/10/2020 16:06,18508681.25
05/10/2020 16:38,18508700
05/10/2020 17:15,18508718.75
05/10/2020 18:43,18508737.5
05/10/2020 18:52,18508756.25
05/10/2020 19:21,18508775
05/10/2020 20:26,18508793.75
05/10/2020 20:55,18508818.75
05/10/2020 21:19,18508837.5
05/10/2020 21:27,18508856.25
05/10/2020 21:51,18508875
05/10/2020 22:05,18508893.75
05/10/2020 22:24,18508912.5
05/10/2020 22:37,18508931.25
05/10/2020 23:27,18508950
05/10/2020 23:44,18508968.75
06/10/2020 0:23,18508987.5
06/10/2020 0:49,18509006.25
06/10/2020 1:12,18509025
06/10/2020 1:40,18509043.75
06/10/2020 2:02,18509062.5
06/10/2020 2:29,18509081.25
06/10/2020 2:57,18509100
06/10/2020 3:20,18509118.75
06/10/2020 3:55,18509137.5
06/10/2020 4:37,18509156.25
06/10/2020 4:57,18509175
06/10/2020 5:29,18509193.75
06/10/2020 5:40,18509212.5
06/10/2020 6:27,18509231.25
06/10/2020 6:55,18509250
06/10/2020 7:26,18509268.75
06/10/2020 7:42,18509287.5
06/10/2020 8:27,18509306.25
06/10/2020 8:46,18509325
06/10/2020 9:05,18509343.75
06/10/2020 9:16,18509362.5
06/10/2020 9:28,18509381.25
06/10/2020 10:08,18509400
06/10/2020 11:02,18509418.75
06/10/2020 11:45,18509437.5
06/10/2020 12:40,18509456.25
06/10/2020 13:31,18509481.25
06/10/2020 14:03,18509500
06/10/2020 14:15,18509518.75
06/10/2020 14:45,18509537.5
06/10/2020 15:12,18509556.25
06/10/2020 16:00,18509575
06/10/2020 16:23,18509593.75
06/10/2020 16:44,18509612.5
06/10/2020 18:03,18509631.25
06/10/2020 18:36,18509650
06/10/2020 18:56,18509668.75
06/10/2020 19:42,18509687.5
06/10/2020 20:14,18509706.25
06/10/2020 20:42,18509725
06/10/2020 21:36,18509743.75
06/10/2020 22:23,18509762.5
06/10/2020 23:01,18509781.25
07/10/2020 0:19,18509800
07/10/2020 0:57,18509818.75
07/10/2020 1:40,18509837.5
07/10/2020 1:50,18509856.25
07/10/2020 2:29,18509875
07/10/2020 3:04,18509893.75
07/10/2020 3:50,18509912.5
07/10/2020 4:08,18509931.25
07/10/2020 4:37,18509950
07/10/2020 5:22,18509968.75
07/10/2020 6:19,18509987.5
07/10/2020 6:51,18510006.25
07/10/2020 7:03,18510025
07/10/2020 7:19,18510043.75
07/10/2020 7:38,18510062.5
07/10/2020 7:49,18510081.25
07/10/2020 8:26,18510100
07/10/2020 8:58,18510118.75
07/10/2020 9:25,18510137.5
07/10/2020 10:03,18510156.25
07/10/2020 10:19,18510175
07/10/2020 10:37,18510193.75
07/10/2020 11:09,18510212.5
07/10/2020 11:26,18510231.25
07/10/2020 11:39,18510250
07/10/2020 12:12,18510268.75
07/10/2020 12:52,18510287.5
07/10/2020 13:07,18510306.25
07/10/2020 13:30,18510325
07/10/2020 13:36,18510343.75
07/10/2020 13:56,18510362.5
07/10/2020 14:14,18510381.25
07/10/2020 14:29,18510400
07/10/2020 15:00,18510418.75
07/10/2020 15:44,18510437.5
07/10/2020 16:21,18510456.25
07/10/2020 16:32,18510475
07/10/2020 16:55,18510493.75
07/10/2020 17:13,18510512.5
07/10/2020 17:28,18510531.25
07/10/2020 18:21,18510550
07/10/2020 18:34,18510568.75
07/10/2020 18:51,18510587.5
07/10/2020 19:23,18510606.25
07/10/2020 20:14,18510625
07/10/2020 20:46,18510643.75
07/10/2020 21:13,18510662.5
07/10/2020 21:50,18510681.25
07/10/2020 22:30,18510700
07/10/2020 23:04,18510718.75
07/10/2020 23:36,18510737.5
08/10/2020 0:02,18510756.25
08/10/2020 1:05,18510775
08/10/2020 1:19,18510793.75
08/10/2020 1:47,18510812.5
08/10/2020 1:52,18510831.25
08/10/2020 2:13,18510850
08/10/2020 2:25,18510868.75
08/10/2020 3:01,18510887.5
08/10/2020 3:25,18510906.25
08/10/2020 3:38,18510925
08/10/2020 4:20,18510943.75
08/10/2020 4:43,18510962.5
08/10/2020 5:49,18510981.25
08/10/2020 6:36,18511000
08/10/2020 6:44,18511018.75
08/10/2020 7:05,18511037.5
08/10/2020 7:31,18511056.25
08/10/2020 8:00,18511075
08/10/2020 8:06,18511093.75
08/10/2020 8:18,18511112.5
08/10/2020 8:50,18511131.25
08/10/2020 8:57,18511150
08/10/2020 9:28,18511168.75
08/10/2020 9:44,18511187.5
08/10/2020 9:59,18511206.25
08/10/2020 10:07,18511225
08/10/2020 10:27,18511243.75
08/10/2020 11:10,18511268.75
08/10/2020 11:24,18511287.5
08/10/2020 11:56,18511306.25
08/10/2020 12:19,18511325
08/10/2020 12:47,18511343.75
08/10/2020 13:03,18511362.5
08/10/2020 13:05,18511381.25
08/10/2020 13:59,18511400
08/10/2020 14:42,18511418.75
08/10/2020 15:06,18511437.5
08/10/2020 15:44,18511456.25
08/10/2020 16:19,18511475
08/10/2020 16:31,18511493.75
08/10/2020 17:38,18511512.5
08/10/2020 18:18,18511531.25
08/10/2020 18:53,18511550
08/10/2020 19:09,18511568.75
08/10/2020 20:09,18511587.5
08/10/2020 20:27,18511606.25
08/10/2020 21:01,18511625
08/10/2020 21:27,18511643.75
08/10/2020 21:45,18511662.5
08/10/2020 22:05,18511681.25
08/10/2020 22:55,18511700
08/10/2020 23:30,18511718.75
09/10/2020 0:09,18511737.5
09/10/2020 0:22,18511756.25
09/10/2020 0:54,18511775
09/10/2020 1:10,18511793.75
09/10/2020 1:40,18511812.5
09/10/2020 1:50,18511831.25
09/10/2020 1:55,18511850
09/10/2020 2:42,18511868.75
09/10/2020 3:36,18511887.5
09/10/2020 4:11,18511906.25
09/10/2020 4:37,18511925
09/10/2020 5:16,18511943.75
09/10/2020 5:53,18511962.5
09/10/2020 6:28,18511981.25
09/10/2020 7:11,18512000
09/10/2020 8:01,18512018.75
09/10/2020 8:11,18512037.5
09/10/2020 9:01,18512056.25
09/10/2020 9:20,18512075
09/10/2020 9:39,18512093.75
09/10/2020 10:12,18512112.5
09/10/2020 10:42,18512131.25
09/10/2020 11:21,18512150
09/10/2020 12:00,18512168.75
09/10/2020 12:32,18512187.5
09/10/2020 13:09,18512206.25
09/10/2020 13:27,18512225
09/10/2020 14:03,18512243.75
09/10/2020 14:25,18512262.5
09/10/2020 15:41,18512281.25
09/10/2020 16:20,18512300
09/10/2020 16:36,18512318.75
09/10/2020 17:41,18512337.5
09/10/2020 18:01,18512356.25
09/10/2020 18:37,18512375
09/10/2020 19:06,18512393.75
09/10/2020 19:59,18512412.5
09/10/2020 20:10,18512431.25
09/10/2020 21:01,18512450
09/10/2020 21:31,18512468.75
09/10/2020 21:47,18512487.5
09/10/2020 22:10,18512506.25
09/10/2020 22:27,18512525
09/10/2020 22:53,18512543.75
09/10/2020 23:17,18512562.5
09/10/2020 23:46,18512581.25
10/10/2020 0:04,18512600
10/10/2020 0:24,18512618.75
10/10/2020 0:41,18512637.5
10/10/2020 0:57,18512656.25
10/10/2020 1:07,18512675
10/10/2020 1:43,18512693.75
10/10/2020 2:19,18512712.5
10/10/2020 2:40,18512731.25
10/10/2020 3:08,18512750
10/10/2020 3:38,18512768.75
10/10/2020 4:17,18512787.5
10/10/2020 4:43,18512806.25
10/10/2020 5:01,18512825
10/10/2020 5:44,18512843.75
10/10/2020 6:12,18512862.5
10/10/2020 7:30,18512881.25
10/10/2020 7:55,18512900
10/10/2020 8:14,18512918.75
10/10/2020 8:24,18512943.75
10/10/2020 9:50,18512962.5
10/10/2020 10:04,18512981.25
10/10/2020 10:50,18513000
10/10/2020 11:04,18513018.75
10/10/2020 12:24,18513037.5
10/10/2020 12:54,18513056.25
10/10/2020 13:07,18513075
10/10/2020 13:18,18513093.75
10/10/2020 13:42,18513112.5
10/10/2020 14:00,18513131.25
10/10/2020 14:18,18513150
10/10/2020 14:48,18513168.75
10/10/2020 15:26,18513187.5
10/10/2020 15:53,18513206.25
10/10/2020 16:27,18513225
10/10/2020 16:44,18513243.75
10/10/2020 16:53,18513262.5
10/10/2020 17:26,18513281.25
10/10/2020 18:52,18513300
10/10/2020 19:16,18513318.75
10/10/2020 19:31,18513337.5
10/10/2020 20:08,18513356.25
10/10/2020 20:51,18513375
10/10/2020 21:07,18513393.75
10/10/2020 21:42,18513412.5
10/10/2020 22:13,18513431.25
10/10/2020 22:33,18513450
10/10/2020 22:59,18513468.75
10/10/2020 23:15,18513487.5
10/10/2020 23:52,18513506.25
11/10/2020 0:12,18513525
11/10/2020 0:43,18513543.75
11/10/2020 1:05,18513562.5
11/10/2020 1:51,18513581.25
11/10/2020 2:07,18513600
11/10/2020 2:33,18513618.75
11/10/2020 2:49,18513637.5
11/10/2020 3:35,18513656.25
11/10/2020 3:51,18513675
11/10/2020 4:10,18513693.75
11/10/2020 5:02,18513712.5
11/10/2020 5:49,18513731.25
11/10/2020 6:13,18513756.25
11/10/2020 6:30,18513775
11/10/2020 6:59,18513793.75
11/10/2020 7:26,18513812.5
11/10/2020 8:10,18513831.25
11/10/2020 8:28,18513850
11/10/2020 9:09,18513868.75
11/10/2020 9:58,18513887.5
11/10/2020 10:29,18513906.25
11/10/2020 10:38,18513925
11/10/2020 11:18,18513943.75
11/10/2020 11:38,18513962.5
11/10/2020 11:57,18513981.25
11/10/2020 12:55,18514000
11/10/2020 13:34,18514018.75
11/10/2020 14:13,18514037.5
11/10/2020 14:35,18514056.25
11/10/2020 14:53,18514075
11/10/2020 15:11,18514093.75
11/10/2020 16:29,18514112.5
11/10/2020 16:47,18514131.25
11/10/2020 17:02,18514150
11/10/2020 17:28,18514168.75
11/10/2020 17:57,18514187.5
11/10/2020 18:17,18514206.25
11/10/2020 19:47,18514225
11/10/2020 20:11,18514243.75
11/10/2020 21:00,18514262.5
11/10/2020 21:35,18514281.25
11/10/2020 22:06,18514300
11/10/2020 22:26,18514318.75
11/10/2020 22:48,18514337.5
11/10/2020 22:58,18514356.25
11/10/2020 23:35,18514375
11/10/2020 23:50,18514393.75
12/10/2020 0:32,18514412.5
12/10/2020 0:58,18514431.25
12/10/2020 1:58,18514450
12/10/2020 2:24,18514468.75
12/10/2020 2:44,18514487.5
12/10/2020 3:01,18514506.25
12/10/2020 3:13,18514525
12/10/2020 3:42,18514543.75
12/10/2020 4:22,18514562.5
12/10/2020 4:50,18514581.25
12/10/2020 5:18,18514600
12/10/2020 5:58,18514618.75
12/10/2020 6:21,18514637.5
12/10/2020 7:13,18514656.25
12/10/2020 7:34,18514675
12/10/2020 7:51,18514693.75
12/10/2020 8:23,18514712.5
12/10/2020 8:41,18514731.25
12/10/2020 9:01,18514750
12/10/2020 9:24,18514768.75
12/10/2020 10:15,18514787.5
12/10/2020 10:29,18514806.25
12/10/2020 10:52,18514825
12/10/2020 11:15,18514843.75
12/10/2020 11:43,18514862.5
12/10/2020 12:20,18514881.25
12/10/2020 12:57,18514900
12/10/2020 13:12,18514918.75
12/10/2020 13:41,18514937.5
12/10/2020 14:45,18514956.25
12/10/2020 15:16,18514975
12/10/2020 15:43,18514993.75
12/10/2020 16:04,18515012.5
12/10/2020 16:14,18515031.25
12/10/2020 17:01,18515050
12/10/2020 17:17,18515068.75
12/10/2020 17:43,18515087.5
12/10/2020 18:20,18515106.25
12/10/2020 18:40,18515125
12/10/2020 19:27,18515143.75
12/10/2020 19:46,18515162.5
12/10/2020 20:20,18515181.25
12/10/2020 20:29,18515200
12/10/2020 20:47,18515218.75
12/10/2020 21:15,18515237.5
12/10/2020 21:43,18515256.25
12/10/2020 22:29,18515275
12/10/2020 22:51,18515293.75
12/10/2020 23:02,18515312.5
12/10/2020 23:41,18515331.25
13/10/2020 0:04,18515350
13/10/2020 1:02,18515368.75
13/10/2020 1:19,18515387.5
13/10/2020 1:46,18515406.25
13/10/2020 1:59,18515425
13/10/2020 2:12,18515443.75
13/10/2020 2:45,18515462.5
13/10/2020 2:56,18515481.25
13/10/2020 4:06,18515500
13/10/2020 4:25,18515525
13/10/2020 4:54,18515543.75
13/10/2020 5:35,18515562.5
13/10/2020 6:01,18515581.25
13/10/2020 7:07,18515600
13/10/2020 7:27,18515618.75
13/10/2020 7:48,18515637.5
13/10/2020 8:21,18515656.25
13/10/2020 8:52,18515675
13/10/2020 8:59,18515693.75
13/10/2020 9:33,18515712.5
13/10/2020 10:11,18515731.25
13/10/2020 10:32,18515750
13/10/2020 11:14,18515768.75
13/10/2020 11:27,18515787.5
13/10/2020 12:44,18515806.25
13/10/2020 12:55,18515825
13/10/2020 13:29,18515843.75
13/10/2020 13:46,18515862.5
13/10/2020 13:56,18515881.25
13/10/2020 14:01,18515900
13/10/2020 14:45,18515918.75
13/10/2020 15:13,18515937.5
13/10/2020 15:19,18515956.25
13/10/2020 16:12,18515975
13/10/2020 16:20,18515993.75
13/10/2020 16:29,18516012.5
13/10/2020 16:40,18516031.25
13/10/2020 17:17,18516050
13/10/2020 17:51,18516068.75
13/10/2020 18:43,18516087.5
13/10/2020 19:16,18516106.25
13/10/2020 19:27,18516125
13/10/2020 19:45,18516143.75
13/10/2020 20:00,18516162.5
13/10/2020 20:19,18516181.25
13/10/2020 20:24,18516200
13/10/2020 20:49,18516218.75
13/10/2020 21:15,18516237.5
13/10/2020 21:42,18516256.25
13/10/2020 22:05,18516275
13/10/2020 22:31,18516293.75
13/10/2020 22:45,18516312.5
13/10/2020 23:18,18516331.25
13/10/2020 23:30,18516350
14/10/2020 0:17,18516368.75
14/10/2020 0:42,18516387.5
14/10/2020 1:10,18516406.25
14/10/2020 1:31,18516425
14/10/2020 1:50,18516443.75
14/10/2020 2:01,18516462.5
14/10/2020 2:26,18516481.25
14/10/2020 2:47,18516500
14/10/2020 3:04,18516518.75
14/10/2020 3:42,18516537.5
14/10/2020 4:28,18516556.25
14/10/2020 4:41,18516575
14/10/2020 4:57,18516593.75
14/10/2020 5:32,18516612.5
14/10/2020 6:00,18516631.25
14/10/2020 6:03,18516650
14/10/2020 6:33,18516668.75
14/10/2020 7:12,18516687.5
14/10/2020 8:03,18516706.25
14/10/2020 9:06,18516725
14/10/2020 9:23,18516743.75
14/10/2020 9:50,18516762.5
14/10/2020 10:32,18516781.25
14/10/2020 10:48,18516800
14/10/2020 11:27,18516818.75
14/10/2020 12:49,18516837.5
14/10/2020 13:02,18516856.25
14/10/2020 13:14,18516875
14/10/2020 13:31,18516893.75
14/10/2020 13:49,18516912.5
14/10/2020 14:43,18516931.25
14/10/2020 15:32,18516950
14/10/2020 15:58,18516968.75
14/10/2020 16:14,18516987.5
14/10/2020 16:44,18517012.5
14/10/2020 17:06,18517031.25
14/10/2020 17:23,18517050
14/10/2020 17:44,18517068.75
14/10/2020 18:10,18517087.5
14/10/2020 18:50,18517106.25
14/10/2020 19:22,18517125
14/10/2020 19:37,18517143.75
14/10/2020 20:03,18517162.5
14/10/2020 20:48,18517181.25
14/10/2020 21:04,18517200
14/10/2020 21:18,18517218.75
14/10/2020 21:27,18517237.5
14/10/2020 22:12,18517256.25
14/10/2020 22:36,18517275
14/10/2020 23:35,18517293.75
14/10/2020 23:56,18517312.5
15/10/2020 0:17,18517331.25
15/10/2020 1:31,18517350
15/10/2020 2:04,18517368.75
15/10/2020 2:36,18517387.5
15/10/2020 3:31,18517406.25
15/10/2020 3:57,18517425
15/10/2020 4:22,18517443.75
15/10/2020 4:30,18517462.5
15/10/2020 4:53,18517481.25
15/10/2020 5:09,18517500
15/10/2020 5:16,18517518.75
15/10/2020 5:55,18517537.5
15/10/2020 6:30,18517556.25
15/10/2020 7:04,18517575
15/10/2020 8:05,18517593.75
15/10/2020 8:25,18517612.5
15/10/2020 8:40,18517631.25
15/10/2020 9:14,18517650
15/10/2020 9:36,18517668.75
15/10/2020 10:20,18517687.5
15/10/2020 10:46,18517706.25
15/10/2020 11:08,18517725
15/10/2020 12:04,18517743.75
15/10/2020 13:05,18517762.5
15/10/2020 13:35,18517781.25
15/10/2020 14:24,18517800
15/10/2020 14:43,18517818.75
15/10/2020 15:26,18517837.5
15/10/2020 15:43,18517856.25
15/10/2020 16:02,18517875
15/10/2020 16:34,18517893.75
15/10/2020 16:47,18517912.5
15/10/2020 17:02,18517931.25
15/10/2020 17:33,18517950
15/10/2020 17:43,18517975
15/10/2020 18:24,18517993.75
15/10/2020 18:59,18518012.5
15/10/2020 19:17,18518031.25
15/10/2020 19:28,18518050
15/10/2020 19:48,18518068.75
15/10/2020 20:20,18518087.5
15/10/2020 20:32,18518106.25
15/10/2020 21:20,18518125
15/10/2020 21:30,18518143.75
15/10/2020 22:10,18518162.5
15/10/2020 22:22,18518181.25
15/10/2020 23:15,18518200
15/10/2020 23:28,18518218.75
16/10/2020 0:04,18518237.5
16/10/2020 0:20,18518256.25
16/10/2020 0:40,18518275
16/10/2020 1:36,18518293.75
16/10/2020 1:40,18518312.5
16/10/2020 2:08,18518331.25
16/10/2020 2:27,18518350
16/10/2020 3:02,18518368.75
16/10/2020 3:25,18518387.5
16/10/2020 4:09,18518406.25
16/10/2020 4:38,18518425
16/10/2020 4:46,18518443.75
16/10/2020 5:41,18518462.5
16/10/2020 5:53,18518481.25
16/10/2020 6:07,18518500
16/10/2020 7:25,18518518.75
16/10/2020 7:53,18518537.5
16/10/2020 8:46,18518556.25
16/10/2020 8:59,18518575
16/10/2020 9:47,18518593.75
16/10/2020 10:07,18518612.5
16/10/2020 10:53,18518631.25
16/10/2020 11:12,18518650
16/10/2020 11:26,18518668.75
16/10/2020 11:46,18518687.5
16/10/2020 12:12,18518706.25
16/10/2020 12:39,18518725
16/10/2020 13:04,18518743.75
16/10/2020 13:19,18518762.5
16/10/2020 14:01,18518781.25
16/10/2020 14:09,18518800
16/10/2020 14:42,18518818.75
16/10/2020 14:57,18518837.5
16/10/2020 15:13,18518856.25
16/10/2020 15:31,18518875
16/10/2020 16:24,18518893.75
16/10/2020 16:41,18518912.5
16/10/2020 17:20,18518931.25
16/10/2020 17:59,18518950
16/10/2020 18:21,18518968.75
16/10/2020 18:44,18518987.5
16/10/2020 19:08,18519006.25
16/10/2020 19:48,18519025
16/10/2020 20:52,18519043.75
16/10/2020 21:10,18519062.5
16/10/2020 21:29,18519081.25
16/10/2020 21:39,18519100
16/10/2020 22:07,18519118.75
16/10/2020 22:38,18519137.5
16/10/2020 23:03,18519156.25
16/10/2020 23:39,18519175
17/10/2020 0:06,18519193.75
17/10/2020 0:23,18519212.5
17/10/2020 0:40,18519231.25
17/10/2020 1:00,18519250
17/10/2020 1:15,18519268.75
17/10/2020 2:07,18519287.5
17/10/2020 2:13,18519306.25
17/10/2020 2:28,18519325
17/10/2020 3:08,18519343.75
17/10/2020 3:28,18519362.5
17/10/2020 3:39,18519381.25
17/10/2020 4:07,18519406.25
17/10/2020 4:39,18519425
17/10/2020 4:58,18519443.75
17/10/2020 5:16,18519462.5
17/10/2020 6:02,18519481.25
17/10/2020 6:12,18519500
17/10/2020 6:38,18519518.75
17/10/2020 6:55,18519537.5
17/10/2020 7:07,18519556.25
17/10/2020 7:41,18519575
17/10/2020 7:52,18519593.75
17/10/2020 8:03,18519612.5
17/10/2020 8:21,18519631.25
17/10/2020 8:48,18519650
17/10/2020 9:09,18519668.75
17/10/2020 9:35,18519687.5
17/10/2020 10:11,18519706.25
17/10/2020 11:23,18519725
17/10/2020 12:00,18519743.75
17/10/2020 12:20,18519762.5
17/10/2020 13:01,18519781.25
17/10/2020 13:24,18519800
17/10/2020 13:33,18519818.75
17/10/2020 14:19,18519837.5
17/10/2020 15:03,18519856.25
17/10/2020 15:33,18519875
17/10/2020 16:15,18519893.75
17/10/2020 17:08,18519912.5
17/10/2020 17:57,18519931.25
17/10/2020 18:11,18519950
17/10/2020 18:57,18519968.75
17/10/2020 19:51,18519987.5
17/10/2020 20:12,18520006.25
17/10/2020 20:47,18520025
17/10/2020 20:54,18520043.75
17/10/2020 21:14,18520062.5
17/10/2020 21:39,18520081.25
17/10/2020 22:09,18520100
17/10/2020 22:25,18520118.75
17/10/2020 23:01,18520137.5
17/10/2020 23:06,18520156.25
17/10/2020 23:22,18520175
17/10/2020 23:48,18520193.75
18/10/2020 0:21,18520212.5
18/10/2020 1:16,18520231.25
18/10/2020 1:54,18520250
18/10/2020 2:00,18520268.75
18/10/2020 2:08,18520287.5
18/10/2020 2:46,18520306.25
18/10/2020 2:57,18520325
18/10/2020 3:14,18520343.75
18/10/2020 3:39,18520362.5
18/10/2020 3:56,18520381.25
18/10/2020 4:41,18520400
18/10/2020 5:14,18520418.75
18/10/2020 5:25,18520437.5
18/10/2020 6:20,18520456.25
18/10/2020 7:05,18520475
18/10/2020 7:19,18520493.75
18/10/2020 8:31,18520512.5
18/10/2020 8:57,18520531.25
18/10/2020 9:06,18520550
18/10/2020 10:06,18520568.75
18/10/2020 10:16,18520587.5
18/10/2020 10:58,18520606.25
18/10/2020 12:27,18520625
18/10/2020 13:50,18520643.75
18/10/2020 14:51,18520662.5
18/10/2020 15:12,18520681.25
18/10/2020 16:00,18520700
18/10/2020 16:21,18520718.75
18/10/2020 17:04,18520737.5
18/10/2020 17:48,18520756.25
18/10/2020 18:05,18520775
18/10/2020 18:19,18520793.75
18/10/2020 18:33,18520812.5
18/10/2020 19:07,18520831.25
18/10/2020 19:46,18520850
18/10/2020 20:33,18520868.75
18/10/2020 21:28,18520887.5
18/10/2020 22:05,18520906.25
18/10/2020 22:41,18520925
18/10/2020 23:04,18520943.75
19/10/2020 0:06,18520962.5
19/10/2020 1:02,18520981.25
19/10/2020 1:41,18521000
19/10/2020 1:55,18521018.75
19/10/2020 2:33,18521037.5
19/10/2020 3:10,18521062.5
19/10/2020 4:22,18521081.25
19/10/2020 4:43,18521100
19/10/2020 5:21,18521118.75
19/10/2020 5:52,18521137.5
19/10/2020 6:19,18521156.25
19/10/2020 7:28,18521175
19/10/2020 8:04,18521193.75
19/10/2020 8:43,18521212.5
19/10/2020 9:10,18521231.25
19/10/2020 9:40,18521250
19/10/2020 10:22,18521268.75
19/10/2020 10:46,18521287.5
19/10/2020 11:17,18521306.25
19/10/2020 11:43,18521325
19/10/2020 12:22,18521343.75
19/10/2020 12:35,18521362.5
19/10/2020 13:02,18521381.25
19/10/2020 13:36,18521400
19/10/2020 14:29,18521418.75
19/10/2020 15:25,18521437.5
19/10/2020 16:05,18521456.25
19/10/2020 17:08,18521475
19/10/2020 18:06,18521493.75
19/10/2020 18:19,18521512.5
19/10/2020 18:58,18521531.25
19/10/2020 19:21,18521550
19/10/2020 19:31,18521568.75
19/10/2020 19:38,18521587.5
19/10/2020 20:08,18521606.25
19/10/2020 20:26,18521625
19/10/2020 21:48,18521643.75
19/10/2020 22:08,18521662.5
19/10/2020 22:35,18521681.25
19/10/2020 23:08,18521700
19/10/2020 23:31,18521718.75
20/10/2020 0:09,18521737.5
20/10/2020 0:46,18521756.25
20/10/2020 1:15,18521775
20/10/2020 1:51,18521793.75
20/10/2020 2:06,18521812.5
20/10/2020 2:22,18521831.25
20/10/2020 2:28,18521850
20/10/2020 2:37,18521868.75
20/10/2020 2:53,18521887.5
20/10/2020 3:23,18521906.25
20/10/2020 3:51,18521925
20/10/2020 4:01,18521943.75
20/10/2020 4:15,18521962.5
20/10/2020 4:39,18521981.25
20/10/2020 4:51,18522000
20/10/2020 5:07,18522018.75
20/10/2020 5:31,18522037.5
20/10/2020 6:34,18522056.25
20/10/2020 6:58,18522075
20/10/2020 7:18,18522093.75
20/10/2020 7:31,18522112.5
20/10/2020 7:47,18522131.25
20/10/2020 8:25,18522150
20/10/2020 8:54,18522168.75
20/10/2020 9:36,18522187.5
20/10/2020 10:00,18522206.25
20/10/2020 11:08,18522225
20/10/2020 11:55,18522243.75
20/10/2020 12:23,18522262.5
20/10/2020 13:12,18522281.25
20/10/2020 13:41,18522300
20/10/2020 14:03,18522318.75
20/10/2020 14:42,18522337.5
20/10/2020 16:12,18522356.25
20/10/2020 16:46,18522375
20/10/2020 17:16,18522393.75
20/10/2020 17:27,18522412.5
20/10/2020 17:42,18522431.25
20/10/2020 18:49,18522450
20/10/2020 20:14,18522468.75
20/10/2020 20:42,18522487.5
20/10/2020 20:57,18522506.25
20/10/2020 21:22,18522525
20/10/2020 21:54,18522543.75
20/10/2020 22:43,18522562.5
20/10/2020 22:52,18522581.25
20/10/2020 23:34,18522600
21/10/2020 0:11,18522618.75
21/10/2020 0:48,18522637.5
21/10/2020 1:50,18522662.5
21/10/2020 2:00,18522681.25
21/10/2020 2:34,18522700
21/10/2020 2:37,18522718.75
21/10/2020 3:09,18522737.5
21/10/2020 4:02,18522756.25
21/10/2020 4:12,18522775
21/10/2020 4:39,18522793.75
21/10/2020 5:38,18522812.5
21/10/2020 6:05,18522831.25
21/10/2020 6:28,18522850
21/10/2020 7:05,18522868.75
21/10/2020 7:40,18522887.5
21/10/2020 7:59,18522906.25
21/10/2020 8:37,18522925
21/10/2020 9:02,18522943.75
21/10/2020 9:35,18522962.5
21/10/2020 10:19,18522981.25
21/10/2020 10:35,18523000
21/10/2020 11:01,18523018.75
21/10/2020 11:07,18523037.5
21/10/2020 11:38,18523056.25
21/10/2020 11:52,18523075
21/10/2020 12:11,18523093.75
21/10/2020 13:46,18523112.5
21/10/2020 14:31,18523131.25
21/10/2020 15:13,18523150
21/10/2020 15:47,18523168.75
21/10/2020 16:26,18523187.5
21/10/2020 16:56,18523206.25
21/10/2020 17:29,18523225
21/10/2020 17:53,18523243.75
21/10/2020 18:23,18523262.5
21/10/2020 18:42,18523281.25
21/10/2020 18:59,18523300
21/10/2020 19:57,18523318.75
21/10/2020 20:45,18523337.5
21/10/2020 21:03,18523356.25
21/10/2020 21:30,18523375
21/10/2020 21:45,18523393.75
21/10/2020 22:28,18523412.5
21/10/2020 23:21,18523431.25
22/10/2020 0:29,18523450
22/10/2020 0:50,18523468.75
22/10/2020 1:19,18523487.5
22/10/2020 2:01,18523506.25
22/10/2020 2:07,18523525
22/10/2020 2:26,18523543.75
22/10/2020 3:03,18523562.5
22/10/2020 3:19,18523581.25
22/10/2020 4:13,18523600
22/10/2020 4:54,18523618.75
22/10/2020 5:25,18523637.5
22/10/2020 5:53,18523656.25
22/10/2020 6:43,18523675
22/10/2020 7:09,18523693.75
22/10/2020 8:11,18523718.75
22/10/2020 8:17,18523737.5
22/10/2020 8:25,18523756.25
22/10/2020 8:33,18523781.25
22/10/2020 8:56,18523800
22/10/2020 10:14,18523818.75
22/10/2020 10:29,18523837.5
22/10/2020 10:59,18523856.25
22/10/2020 12:02,18523875
22/10/2020 12:57,18523893.75
22/10/2020 13:02,18523912.5
22/10/2020 13:40,18523931.25
22/10/2020 13:50,18523950
22/10/2020 14:34,18523968.75
22/10/2020 15:00,18523987.5
22/10/2020 15:26,18524006.25
22/10/2020 15:59,18524025
22/10/2020 16:31,18524043.75
22/10/2020 16:51,18524062.5
22/10/2020 17:17,18524081.25
22/10/2020 18:12,18524100
22/10/2020 18:30,18524118.75
22/10/2020 18:58,18524137.5
22/10/2020 19:17,18524156.25
22/10/2020 19:46,18524175
22/10/2020 20:17,18524193.75
22/10/2020 20:34,18524212.5
22/10/2020 21:22,18524231.25
22/10/2020 22:05,18524250
22/10/2020 22:46,18524268.75
22/10/2020 23:35,18524287.5
22/10/2020 23:54,18524306.25
23/10/2020 0:56,18524325
23/10/2020 2:05,18524343.75
23/10/2020 3:11,18524362.5
23/10/2020 3:43,18524381.25
23/10/2020 4:32,18524400
23/10/2020 4:50,18524418.75
23/10/2020 5:04,18524437.5
23/10/2020 5:58,18524456.25
23/10/2020 6:36,18524475
23/10/2020 7:13,18524493.75
23/10/2020 7:45,18524512.5
23/10/2020 8:03,18524531.25
23/10/2020 8:21,18524550
23/10/2020 8:48,18524575
23/10/2020 10:07,18524593.75
23/10/2020 10:31,18524612.5
23/10/2020 10:47,18524631.25
23/10/2020 11:05,18524650
23/10/2020 12:04,18524668.75
23/10/2020 12:34,18524687.5
23/10/2020 13:06,18524706.25
23/10/2020 13:27,18524725
23/10/2020 13:39,18524743.75
23/10/2020 14:44,18524762.5
23/10/2020 15:10,18524781.25
23/10/2020 15:31,18524800
23/10/2020 16:41,18524818.75
23/10/2020 16:57,18524837.5
23/10/2020 17:27,18524856.25
23/10/2020 17:49,18524875
23/10/2020 18:03,18524893.75
23/10/2020 18:20,18524912.5
23/10/2020 18:52,18524931.25
23/10/2020 20:01,18524950
23/10/2020 20:51,18524968.75
23/10/2020 21:14,18524987.5
23/10/2020 21:57,18525006.25
23/10/2020 22:21,18525025
23/10/2020 22:31,18525043.75
23/10/2020 22:58,18525062.5
23/10/2020 23:22,18525081.25
24/10/2020 0:18,18525100
24/10/2020 0:36,18525118.75
24/10/2020 0:56,18525137.5
24/10/2020 1:02,18525156.25
24/10/2020 1:41,18525181.25
24/10/2020 2:06,18525200
24/10/2020 2:36,18525218.75
24/10/2020 3:04,18525237.5
24/10/2020 3:37,18525256.25
24/10/2020 4:09,18525275
24/10/2020 4:36,18525293.75
24/10/2020 4:55,18525312.5
24/10/2020 5:17,18525331.25
24/10/2020 5:55,18525350
24/10/2020 6:07,18525368.75
24/10/2020 6:37,18525387.5
24/10/2020 7:09,18525406.25
24/10/2020 7:51,18525425
24/10/2020 8:07,18525443.75
24/10/2020 8:21,18525462.5
24/10/2020 8:46,18525481.25
24/10/2020 9:19,18525500
24/10/2020 9:42,18525518.75
24/10/2020 10:15,18525537.5
24/10/2020 10:47,18525556.25
24/10/2020 11:31,18525575
24/10/2020 11:33,18525593.75
24/10/2020 11:48,18525612.5
24/10/2020 12:07,18525631.25
24/10/2020 12:49,18525650
24/10/2020 13:13,18525668.75
24/10/2020 13:37,18525687.5
24/10/2020 14:25,18525706.25
24/10/2020 14:40,18525725
24/10/2020 14:58,18525743.75
24/10/2020 15:47,18525762.5
24/10/2020 16:13,18525781.25
24/10/2020 16:28,18525800
24/10/2020 16:45,18525818.75
24/10/2020 17:24,18525837.5
24/10/2020 17:53,18525856.25
24/10/2020 18:56,18525875
24/10/2020 19:13,18525893.75
24/10/2020 19:48,18525912.5
24/10/2020 20:14,18525931.25
24/10/2020 20:52,18525950
24/10/2020 21:44,18525968.75
24/10/2020 22:10,18525987.5
24/10/2020 23:12,18526006.25
24/10/2020 23:29,18526025
24/10/2020 23:49,18526043.75
25/10/2020 0:02,18526062.5
25/10/2020 0:20,18526081.25
25/10/2020 1:14,18526100
25/10/2020 1:30,18526118.75
25/10/2020 1:27,18526137.5
25/10/2020 2:00,18526156.25
25/10/2020 2:24,18526175
25/10/2020 2:59,18526193.75
25/10/2020 3:32,18526212.5
25/10/2020 4:02,18526231.25
25/10/2020 4:43,18526250
25/10/2020 5:32,18526268.75
25/10/2020 6:18,18526287.5
25/10/2020 6:52,18526306.25
25/10/2020 7:29,18526325
25/10/2020 7:52,18526343.75
25/10/2020 8:34,18526362.5
25/10/2020 9:20,18526381.25
25/10/2020 9:54,18526400
25/10/2020 10:23,18526418.75
25/10/2020 11:29,18526437.5
25/10/2020 11:47,18526456.25
25/10/2020 13:02,18526475
25/10/2020 13:24,18526493.75
25/10/2020 13:34,18526512.5
25/10/2020 13:47,18526531.25
25/10/2020 14:35,18526550
25/10/2020 15:04,18526568.75
25/10/2020 15:21,18526587.5
25/10/2020 16:02,18526606.25
25/10/2020 17:20,18526625
25/10/2020 18:01,18526643.75
25/10/2020 18:30,18526662.5
25/10/2020 19:35,18526681.25
25/10/2020 19:54,18526700
25/10/2020 20:33,18526718.75
25/10/2020 21:54,18526737.5
25/10/2020 22:35,18526756.25
25/10/2020 22:40,18526775
25/10/2020 23:08,18526793.75
25/10/2020 23:54,18526812.5
26/10/2020 0:03,18526831.25
26/10/2020 0:10,18526850
26/10/2020 0:40,18526868.75
26/10/2020 1:27,18526887.5
26/10/2020 1:40,18526906.25
26/10/2020 2:19,18526925
26/10/2020 2:26,18526943.75
26/10/2020 3:08,18526962.5
26/10/2020 3:29,18526981.25
26/10/2020 4:02,18527000
26/10/2020 4:31,18527018.75
26/10/2020 5:02,18527037.5
26/10/2020 5:55,18527056.25
26/10/2020 6:46,18527075
26/10/2020 7:02,18527093.75
26/10/2020 8:27,18527112.5
26/10/2020 9:44,18527131.25
26/10/2020 10:51,18527150
26/10/2020 11:00,18527168.75
26/10/2020 12:11,18527187.5
26/10/2020 12:38,18527206.25
26/10/2020 13:46,18527225
26/10/2020 13:54,18527243.75
26/10/2020 14:11,18527262.5
26/10/2020 15:19,18527281.25
26/10/2020 15:29,18527300
26/10/2020 16:52,18527318.75
26/10/2020 17:47,18527337.5
26/10/2020 18:47,18527356.25
26/10/2020 19:24,18527375
26/10/2020 19:54,18527393.75
26/10/2020 20:19,18527412.5
26/10/2020 21:11,18527431.25
26/10/2020 21:48,18527450
26/10/2020 22:53,18527468.75
26/10/2020 23:03,18527487.5
26/10/2020 23:47,18527506.25
