Timestamp,transactions-per-second
2020-09-26 15:30:00,3.7666666666666666
2020-09-26 16:00:00,4.016666666666667
2020-09-26 16:30:00,4
2020-09-26 17:00:00,4.2
2020-09-26 17:30:00,3.95
2020-09-26 18:00:00,4
2020-09-26 18:30:00,3.75
2020-09-26 19:00:00,3.6166666666666667
2020-09-26 19:30:00,3.7333333333333334
2020-09-26 20:00:00,3.9
2020-09-26 20:30:00,3.3666666666666667
2020-09-26 21:00:00,3.35
2020-09-26 21:30:00,3
2020-09-26 22:00:00,3.1666666666666665
2020-09-26 22:30:00,2.8666666666666667
2020-09-26 23:00:00,3.033333333333333
2020-09-26 23:30:00,2.816666666666667
2020-09-27 00:00:00,2.75
2020-09-27 00:30:00,2.4833333333333334
2020-09-27 01:00:00,2.6666666666666665
2020-09-27 01:30:00,2.35
2020-09-27 02:00:00,1.9333333333333333
2020-09-27 02:30:00,2.066666666666667
2020-09-27 03:00:00,2.1
2020-09-27 03:30:00,2.1
2020-09-27 04:00:00,2.283333333333333
2020-09-27 04:30:00,1.9
2020-09-27 05:00:00,1.9833333333333334
2020-09-27 05:30:00,1.8666666666666667
2020-09-27 06:00:00,2.45
2020-09-27 06:30:00,2.3833333333333333
2020-09-27 07:00:00,2.3
2020-09-27 07:30:00,2.6166666666666667
2020-09-27 08:00:00,2.3833333333333333
2020-09-27 08:30:00,3.1
2020-09-27 09:00:00,3.05
2020-09-27 09:30:00,3.15
2020-09-27 10:00:00,3.1333333333333333
2020-09-27 10:30:00,2.783333333333333
2020-09-27 11:00:00,3.15
2020-09-27 11:30:00,3.3333333333333335
2020-09-27 12:00:00,3.6666666666666665
2020-09-27 12:30:00,3.35
2020-09-27 13:00:00,3.1333333333333333
2020-09-27 13:30:00,3.183333333333333
2020-09-27 14:00:00,3.1333333333333333
2020-09-27 14:30:00,2.6666666666666665
2020-09-27 15:00:00,3.2333333333333334
2020-09-27 15:30:00,3.566666666666667
2020-09-27 16:00:00,3.3666666666666667
2020-09-27 16:30:00,3.75
2020-09-27 17:00:00,4.283333333333333
2020-09-27 17:30:00,3.6666666666666665
2020-09-27 18:00:00,3.5833333333333335
2020-09-27 18:30:00,3.6666666666666665
2020-09-27 19:00:00,4.033333333333333
2020-09-27 19:30:00,4.116666666666666
2020-09-27 20:00:00,3.683333333333333
2020-09-27 20:30:00,3.033333333333333
2020-09-27 21:00:00,3.5
2020-09-27 21:30:00,3.316666666666667
2020-09-27 22:00:00,3.3
2020-09-27 22:30:00,3.35
2020-09-27 23:00:00,3.05
2020-09-27 23:30:00,2.9166666666666665
2020-09-28 00:00:00,2.9166666666666665
2020-09-28 00:30:00,2.55
2020-09-28 01:00:00,2.4166666666666665
2020-09-28 01:30:00,2.8666666666666667
2020-09-28 02:00:00,3.066666666666667
2020-09-28 02:30:00,2.6
2020-09-28 03:00:00,2.1666666666666665
2020-09-28 03:30:00,2.033333333333333
2020-09-28 04:00:00,1.9166666666666667
2020-09-28 04:30:00,2.783333333333333
2020-09-28 05:00:00,2.8666666666666667
2020-09-28 05:30:00,2.2
2020-09-28 06:00:00,3.066666666666667
2020-09-28 06:30:00,3.35
2020-09-28 07:00:00,3.0833333333333335
2020-09-28 07:30:00,3.783333333333333
2020-09-28 08:00:00,4.816666666666666
2020-09-28 08:30:00,5.383333333333334
2020-09-28 09:00:00,5.316666666666666
2020-09-28 09:30:00,4.566666666666666
2020-09-28 10:00:00,4.983333333333333
2020-09-28 10:30:00,5.466666666666667
2020-09-28 11:00:00,4.333333333333333
2020-09-28 11:30:00,4.516666666666667
2020-09-28 12:00:00,3.9166666666666665
2020-09-28 12:30:00,4.55
2020-09-28 13:00:00,4.533333333333333
2020-09-28 13:30:00,4.333333333333333
2020-09-28 14:00:00,4.95
2020-09-28 14:30:00,4.233333333333333
2020-09-28 15:00:00,4.6
2020-09-28 15:30:00,4.683333333333334
2020-09-28 16:00:00,5.333333333333333
2020-09-28 16:30:00,5.616666666666666
2020-09-28 17:00:00,5.1
2020-09-28 17:30:00,4.45
2020-09-28 18:00:00,4.15
2020-09-28 18:30:00,4.8
2020-09-28 19:00:00,4.8
2020-09-28 19:30:00,4.566666666666666
2020-09-28 20:00:00,4.983333333333333
2020-09-28 20:30:00,4.916666666666667
2020-09-28 21:00:00,4.166666666666667
2020-09-28 21:30:00,4.25
2020-09-28 22:00:00,3.9833333333333334
2020-09-28 22:30:00,3.783333333333333
2020-09-28 23:00:00,3.216666666666667
2020-09-28 23:30:00,3.316666666666667
2020-09-29 00:00:00,2.933333333333333
2020-09-29 00:30:00,2.716666666666667
2020-09-29 01:00:00,2.8833333333333333
2020-09-29 01:30:00,2.6166666666666667
2020-09-29 02:00:00,2.683333333333333
2020-09-29 02:30:00,2.4166666666666665
2020-09-29 03:00:00,2.4
2020-09-29 03:30:00,2.533333333333333
2020-09-29 04:00:00,2.5
2020-09-29 04:30:00,2.533333333333333
2020-09-29 05:00:00,2.466666666666667
2020-09-29 05:30:00,2.5166666666666666
2020-09-29 06:00:00,2.816666666666667
2020-09-29 06:30:00,2.433333333333333
2020-09-29 07:00:00,3.1666666666666665
2020-09-29 07:30:00,3.3666666666666667
2020-09-29 08:00:00,3.433333333333333
2020-09-29 08:30:00,3.7333333333333334
2020-09-29 09:00:00,3.6666666666666665
2020-09-29 09:30:00,4.266666666666667
2020-09-29 10:00:00,4.083333333333333
2020-09-29 10:30:00,4.75
2020-09-29 11:00:00,3.8833333333333333
2020-09-29 11:30:00,5.466666666666667
2020-09-29 12:00:00,4.266666666666667
2020-09-29 12:30:00,3.8833333333333333
2020-09-29 13:00:00,4.45
2020-09-29 13:30:00,4.85
2020-09-29 14:00:00,4.666666666666667
2020-09-29 14:30:00,4.733333333333333
2020-09-29 15:00:00,4.866666666666666
2020-09-29 15:30:00,5.25
2020-09-29 16:00:00,5.133333333333334
2020-09-29 16:30:00,5.35
2020-09-29 17:00:00,4.85
2020-09-29 17:30:00,4.95
2020-09-29 18:00:00,4.483333333333333
2020-09-29 18:30:00,4.666666666666667
2020-09-29 19:00:00,4.583333333333333
2020-09-29 19:30:00,4.316666666666666
2020-09-29 20:00:00,4.816666666666666
2020-09-29 20:30:00,4.383333333333334
2020-09-29 21:00:00,4.716666666666667
2020-09-29 21:30:00,4.05
2020-09-29 22:00:00,4.133333333333334
2020-09-29 22:30:00,3.75
2020-09-29 23:00:00,3.45
2020-09-29 23:30:00,3.25
2020-09-30 00:00:00,3.216666666666667
2020-09-30 00:30:00,3.1666666666666665
2020-09-30 01:00:00,2.8333333333333335
2020-09-30 01:30:00,2.2666666666666666
2020-09-30 02:00:00,2.433333333333333
2020-09-30 02:30:00,2.4833333333333334
2020-09-30 03:00:00,2.3333333333333335
2020-09-30 03:30:00,2.3333333333333335
2020-09-30 04:00:00,2.433333333333333
2020-09-30 04:30:00,2.4833333333333334
2020-09-30 05:00:00,2.25
2020-09-30 05:30:00,2.466666666666667
2020-09-30 06:00:00,2.566666666666667
2020-09-30 06:30:00,2.966666666666667
2020-09-30 07:00:00,3.0833333333333335
2020-09-30 07:30:00,3.5833333333333335
2020-09-30 08:00:00,3.6666666666666665
2020-09-30 08:30:00,3.5
2020-09-30 09:00:00,3.8333333333333335
2020-09-30 09:30:00,3.65
2020-09-30 10:00:00,4.383333333333334
2020-09-30 10:30:00,3.9
2020-09-30 11:00:00,4.5
2020-09-30 11:30:00,4.75
2020-09-30 12:00:00,4.733333333333333
2020-09-30 12:30:00,4.816666666666666
2020-09-30 13:00:00,4.533333333333333
2020-09-30 13:30:00,4.633333333333334
2020-09-30 14:00:00,4.683333333333334
2020-09-30 14:30:00,4.716666666666667
2020-09-30 15:00:00,5
2020-09-30 15:30:00,5.616666666666666
2020-09-30 16:00:00,5.6
2020-09-30 16:30:00,4.716666666666667
2020-09-30 17:00:00,5.216666666666667
2020-09-30 17:30:00,4.516666666666667
2020-09-30 18:00:00,4.716666666666667
2020-09-30 18:30:00,4.783333333333333
2020-09-30 19:00:00,4.766666666666667
2020-09-30 19:30:00,4.866666666666666
2020-09-30 20:00:00,5.25
2020-09-30 20:30:00,4.133333333333334
2020-09-30 21:00:00,4
2020-09-30 21:30:00,4.433333333333334
2020-09-30 22:00:00,3.85
2020-09-30 22:30:00,3.8666666666666667
2020-09-30 23:00:00,3.8333333333333335
2020-09-30 23:30:00,3.466666666666667
2020-10-01 00:00:00,2.933333333333333
2020-10-01 00:30:00,2.933333333333333
2020-10-01 01:00:00,3
2020-10-01 01:30:00,2.966666666666667
2020-10-01 02:00:00,2.75
2020-10-01 02:30:00,2.716666666666667
2020-10-01 03:00:00,2.25
2020-10-01 03:30:00,2.2666666666666666
2020-10-01 04:00:00,2.9
2020-10-01 04:30:00,2.316666666666667
2020-10-01 05:00:00,2.15
2020-10-01 05:30:00,2.05
2020-10-01 06:00:00,2.5
2020-10-01 06:30:00,2.6166666666666667
2020-10-01 07:00:00,3.4
2020-10-01 07:30:00,3.4166666666666665
2020-10-01 08:00:00,4.083333333333333
2020-10-01 08:30:00,3.7666666666666666
2020-10-01 09:00:00,4.1
2020-10-01 09:30:00,4.133333333333334
2020-10-01 10:00:00,4.483333333333333
2020-10-01 10:30:00,3.6166666666666667
2020-10-01 11:00:00,4.516666666666667
2020-10-01 11:30:00,4.55
2020-10-01 12:00:00,4.133333333333334
2020-10-01 12:30:00,4.483333333333333
2020-10-01 13:00:00,4.166666666666667
2020-10-01 13:30:00,4.2
2020-10-01 14:00:00,4.6
2020-10-01 14:30:00,4.366666666666666
2020-10-01 15:00:00,4.4
2020-10-01 15:30:00,4.133333333333334
2020-10-01 16:00:00,5.35
2020-10-01 16:30:00,5.033333333333333
2020-10-01 17:00:00,4.883333333333334
2020-10-01 17:30:00,5.25
2020-10-01 18:00:00,4.8
2020-10-01 18:30:00,4.266666666666667
2020-10-01 19:00:00,4.25
2020-10-01 19:30:00,3.8833333333333333
2020-10-01 20:00:00,5.016666666666667
2020-10-01 20:30:00,4.133333333333334
2020-10-01 21:00:00,4.366666666666666
2020-10-01 21:30:00,3.9166666666666665
2020-10-01 22:00:00,4.233333333333333
2020-10-01 22:30:00,3.4166666666666665
2020-10-01 23:00:00,3.1
2020-10-01 23:30:00,3.2333333333333334
2020-10-02 00:00:00,3.15
2020-10-02 00:30:00,2.683333333333333
2020-10-02 01:00:00,3.0166666666666666
2020-10-02 01:30:00,2.316666666666667
2020-10-02 02:00:00,2.3833333333333333
2020-10-02 02:30:00,2.2666666666666666
2020-10-02 03:00:00,2.4166666666666665
2020-10-02 03:30:00,2.1333333333333333
2020-10-02 04:00:00,2.4833333333333334
2020-10-02 04:30:00,2.2666666666666666
2020-10-02 05:00:00,2.3333333333333335
2020-10-02 05:30:00,2.4833333333333334
2020-10-02 06:00:00,2.7
2020-10-02 06:30:00,2.5166666666666666
2020-10-02 07:00:00,3.1
2020-10-02 07:30:00,3.1666666666666665
2020-10-02 08:00:00,3.8333333333333335
2020-10-02 08:30:00,3.566666666666667
2020-10-02 09:00:00,3.5166666666666666
2020-10-02 09:30:00,3.816666666666667
2020-10-02 10:00:00,3.5833333333333335
2020-10-02 10:30:00,3.466666666666667
2020-10-02 11:00:00,4.766666666666667
2020-10-02 11:30:00,4.116666666666666
2020-10-02 12:00:00,4.6
2020-10-02 12:30:00,4
2020-10-02 13:00:00,4.383333333333334
2020-10-02 13:30:00,4.05
2020-10-02 14:00:00,4.416666666666667
2020-10-02 14:30:00,4.45
2020-10-02 15:00:00,4.466666666666667
2020-10-02 15:30:00,4.516666666666667
2020-10-02 16:00:00,5.1
2020-10-02 16:30:00,5.166666666666667
2020-10-02 17:00:00,4.983333333333333
2020-10-02 17:30:00,4.916666666666667
2020-10-02 18:00:00,4.583333333333333
2020-10-02 18:30:00,4.666666666666667
2020-10-02 19:00:00,4.516666666666667
2020-10-02 19:30:00,4.183333333333334
2020-10-02 20:00:00,4.716666666666667
2020-10-02 20:30:00,4.283333333333333
2020-10-02 21:00:00,4.016666666666667
2020-10-02 21:30:00,3.85
2020-10-02 22:00:00,3.95
2020-10-02 22:30:00,3.7666666666666666
2020-10-02 23:00:00,3.5833333333333335
2020-10-02 23:30:00,3.1166666666666667
2020-10-03 00:00:00,2.95
2020-10-03 00:30:00,2.85
2020-10-03 01:00:00,2.566666666666667
2020-10-03 01:30:00,2.2333333333333334
2020-10-03 02:00:00,2.2666666666666666
2020-10-03 02:30:00,2.1666666666666665
2020-10-03 03:00:00,2.2666666666666666
2020-10-03 03:30:00,2.2666666666666666
2020-10-03 04:00:00,2.066666666666667
2020-10-03 04:30:00,2.183333333333333
2020-10-03 05:00:00,2.2333333333333334
2020-10-03 05:30:00,1.95
2020-10-03 06:00:00,2.2666666666666666
2020-10-03 06:30:00,2.35
2020-10-03 07:00:00,2.3833333333333333
2020-10-03 07:30:00,2.8333333333333335
2020-10-03 08:00:00,3.3
2020-10-03 08:30:00,3.1333333333333333
2020-10-03 09:00:00,3.433333333333333
2020-10-03 09:30:00,3.75
2020-10-03 10:00:00,3.1666666666666665
2020-10-03 10:30:00,3.8833333333333333
2020-10-03 11:00:00,3.3666666666666667
2020-10-03 11:30:00,3.1166666666666667
2020-10-03 12:00:00,3.066666666666667
2020-10-03 12:30:00,3.033333333333333
2020-10-03 13:00:00,3.3333333333333335
2020-10-03 13:30:00,3.7
2020-10-03 14:00:00,4.3
2020-10-03 14:30:00,3.466666666666667
2020-10-03 15:00:00,3.45
2020-10-03 15:30:00,3.3333333333333335
2020-10-03 16:00:00,3.8
2020-10-03 16:30:00,4.333333333333333
2020-10-03 17:00:00,3.8333333333333335
2020-10-03 17:30:00,3.966666666666667
2020-10-03 18:00:00,3.783333333333333
2020-10-03 18:30:00,3.85
2020-10-03 19:00:00,3.8666666666666667
2020-10-03 19:30:00,3.6666666666666665
2020-10-03 20:00:00,3.533333333333333
2020-10-03 20:30:00,3.85
2020-10-03 21:00:00,3.683333333333333
2020-10-03 21:30:00,3.2333333333333334
2020-10-03 22:00:00,3.1
2020-10-03 22:30:00,2.566666666666667
2020-10-03 23:00:00,2.5833333333333335
2020-10-03 23:30:00,2.7
2020-10-04 00:00:00,2.6166666666666667
2020-10-04 00:30:00,2.3666666666666667
2020-10-04 01:00:00,2.3
2020-10-04 01:30:00,2.15
2020-10-04 02:00:00,2.1666666666666665
2020-10-04 02:30:00,1.9833333333333334
2020-10-04 03:00:00,1.95
2020-10-04 03:30:00,1.8
2020-10-04 04:00:00,1.8166666666666667
2020-10-04 04:30:00,2.1166666666666667
2020-10-04 05:00:00,1.8833333333333333
2020-10-04 05:30:00,2.1166666666666667
2020-10-04 06:00:00,2.1666666666666665
2020-10-04 06:30:00,2.2333333333333334
2020-10-04 07:00:00,2
2020-10-04 07:30:00,2.5833333333333335
2020-10-04 08:00:00,2.5833333333333335
2020-10-04 08:30:00,3.1333333333333333
2020-10-04 09:00:00,3.033333333333333
2020-10-04 09:30:00,3.1
2020-10-04 10:00:00,2.8833333333333333
2020-10-04 10:30:00,3.1166666666666667
2020-10-04 11:00:00,2.683333333333333
2020-10-04 11:30:00,3.45
2020-10-04 12:00:00,3.1666666666666665
2020-10-04 12:30:00,3.55
2020-10-04 13:00:00,3.0833333333333335
2020-10-04 13:30:00,3.033333333333333
2020-10-04 14:00:00,3.5833333333333335
2020-10-04 14:30:00,3.466666666666667
2020-10-04 15:00:00,3.6333333333333333
2020-10-04 15:30:00,3.283333333333333
2020-10-04 16:00:00,4.116666666666666
2020-10-04 16:30:00,3.4833333333333334
2020-10-04 17:00:00,3.8
2020-10-04 17:30:00,4.033333333333333
2020-10-04 18:00:00,3.65
2020-10-04 18:30:00,3.6333333333333333
2020-10-04 19:00:00,3.533333333333333
2020-10-04 19:30:00,3.2333333333333334
2020-10-04 20:00:00,3.7
2020-10-04 20:30:00,3.933333333333333
2020-10-04 21:00:00,3.95
2020-10-04 21:30:00,3.2
2020-10-04 22:00:00,3
2020-10-04 22:30:00,3.0833333333333335
2020-10-04 23:00:00,3.183333333333333
2020-10-04 23:30:00,3.0833333333333335
2020-10-05 00:00:00,2.85
2020-10-05 00:30:00,3.0166666666666666
2020-10-05 01:00:00,2.4833333333333334
2020-10-05 01:30:00,2.316666666666667
2020-10-05 02:00:00,2.566666666666667
2020-10-05 02:30:00,2.65
2020-10-05 03:00:00,2.783333333333333
2020-10-05 03:30:00,2.55
2020-10-05 04:00:00,2.966666666666667
2020-10-05 04:30:00,2.3666666666666667
2020-10-05 05:00:00,2.6666666666666665
2020-10-05 05:30:00,2.75
2020-10-05 06:00:00,2.8
2020-10-05 06:30:00,3.0833333333333335
2020-10-05 07:00:00,3.216666666666667
2020-10-05 07:30:00,3.7
2020-10-05 08:00:00,4.45
2020-10-05 08:30:00,4.783333333333333
2020-10-05 09:00:00,3.7333333333333334
2020-10-05 09:30:00,4.533333333333333
2020-10-05 10:00:00,4.233333333333333
2020-10-05 10:30:00,4.15
2020-10-05 11:00:00,4.833333333333333
2020-10-05 11:30:00,4.6
2020-10-05 12:00:00,4.55
2020-10-05 12:30:00,4.6
2020-10-05 13:00:00,4.466666666666667
2020-10-05 13:30:00,4.6
2020-10-05 14:00:00,4.7
2020-10-05 14:30:00,4.066666666666666
2020-10-05 15:00:00,4.55
2020-10-05 15:30:00,4.733333333333333
2020-10-05 16:00:00,5.15
2020-10-05 16:30:00,5.433333333333334
2020-10-05 17:00:00,5.4
2020-10-05 17:30:00,4.516666666666667
2020-10-05 18:00:00,4.183333333333334
2020-10-05 18:30:00,4.05
2020-10-05 19:00:00,4.883333333333334
2020-10-05 19:30:00,4.733333333333333
2020-10-05 20:00:00,4.366666666666666
2020-10-05 20:30:00,4.016666666666667
2020-10-05 21:00:00,4.766666666666667
2020-10-05 21:30:00,4.033333333333333
2020-10-05 22:00:00,4.066666666666666
2020-10-05 22:30:00,3.8666666666666667
2020-10-05 23:00:00,3.316666666666667
2020-10-05 23:30:00,3.4
2020-10-06 00:00:00,2.9833333333333334
2020-10-06 00:30:00,3.0833333333333335
2020-10-06 01:00:00,3.0166666666666666
2020-10-06 01:30:00,2.8
2020-10-06 02:00:00,2.566666666666667
2020-10-06 02:30:00,2.3333333333333335
2020-10-06 03:00:00,2.6666666666666665
2020-10-06 03:30:00,2.6166666666666667
2020-10-06 04:00:00,2.4166666666666665
2020-10-06 04:30:00,2.5166666666666666
2020-10-06 05:00:00,2.683333333333333
2020-10-06 05:30:00,2.6333333333333333
2020-10-06 06:00:00,2.45
2020-10-06 06:30:00,2.85
2020-10-06 07:00:00,3.1666666666666665
2020-10-06 07:30:00,3.933333333333333
2020-10-06 08:00:00,3.5166666666666666
2020-10-06 08:30:00,3.95
2020-10-06 09:00:00,4.233333333333333
2020-10-06 09:30:00,3.8333333333333335
2020-10-06 10:00:00,4.3
2020-10-06 10:30:00,3.933333333333333
2020-10-06 11:00:00,4.55
2020-10-06 11:30:00,4.483333333333333
2020-10-06 12:00:00,4.816666666666666
2020-10-06 12:30:00,4.25
2020-10-06 13:00:00,4.25
2020-10-06 13:30:00,4.45
2020-10-06 14:00:00,4.55
2020-10-06 14:30:00,4.5
2020-10-06 15:00:00,4.85
2020-10-06 15:30:00,4.516666666666667
2020-10-06 16:00:00,5.266666666666667
2020-10-06 16:30:00,5.366666666666666
2020-10-06 17:00:00,5.15
2020-10-06 17:30:00,4.15
2020-10-06 18:00:00,4.866666666666666
2020-10-06 18:30:00,4.7
2020-10-06 19:00:00,5
2020-10-06 19:30:00,4.15
2020-10-06 20:00:00,5.266666666666667
2020-10-06 20:30:00,4.083333333333333
2020-10-06 21:00:00,3.9833333333333334
2020-10-06 21:30:00,3.783333333333333
2020-10-06 22:00:00,3.9
2020-10-06 22:30:00,3.65
2020-10-06 23:00:00,3.1666666666666665
2020-10-06 23:30:00,2.7
2020-10-07 00:00:00,2.35
2020-10-07 00:30:00,2.55
2020-10-07 01:00:00,2.75
2020-10-07 01:30:00,2.283333333333333
2020-10-07 02:00:00,2.4
2020-10-07 02:30:00,2.3666666666666667
2020-10-07 03:00:00,2.4166666666666665
2020-10-07 03:30:00,2.05
2020-10-07 04:00:00,2.55
2020-10-07 04:30:00,2.283333333333333
2020-10-07 05:00:00,2.1333333333333333
2020-10-07 05:30:00,2.25
2020-10-07 06:00:00,2.3833333333333333
2020-10-07 06:30:00,2.466666666666667
2020-10-07 07:00:00,3.466666666666667
2020-10-07 07:30:00,3.4833333333333334
2020-10-07 08:00:00,3.75
2020-10-07 08:30:00,3.8833333333333333
2020-10-07 09:00:00,3.933333333333333
2020-10-07 09:30:00,3.8333333333333335
2020-10-07 10:00:00,4.25
2020-10-07 10:30:00,4.433333333333334
2020-10-07 11:00:00,4.35
2020-10-07 11:30:00,4.783333333333333
2020-10-07 12:00:00,4.833333333333333
2020-10-07 12:30:00,4.033333333333333
2020-10-07 13:00:00,5.166666666666667
2020-10-07 13:30:00,5.266666666666667
2020-10-07 14:00:00,4.6
2020-10-07 14:30:00,4.533333333333333
2020-10-07 15:00:00,4.866666666666666
2020-10-07 15:30:00,4.483333333333333
2020-10-07 16:00:00,5.516666666666667
2020-10-07 16:30:00,5.65
2020-10-07 17:00:00,5.15
2020-10-07 17:30:00,4.8
2020-10-07 18:00:00,4.233333333333333
2020-10-07 18:30:00,5.033333333333333
2020-10-07 19:00:00,4.8
2020-10-07 19:30:00,4.433333333333334
2020-10-07 20:00:00,4.333333333333333
2020-10-07 20:30:00,5.15
2020-10-07 21:00:00,4.466666666666667
2020-10-07 21:30:00,4.35
2020-10-07 22:00:00,3.816666666666667
2020-10-07 22:30:00,3.966666666666667
2020-10-07 23:00:00,3.566666666666667
2020-10-07 23:30:00,3.216666666666667
2020-10-08 00:00:00,2.683333333333333
2020-10-08 00:30:00,2.8333333333333335
2020-10-08 01:00:00,2.9166666666666665
2020-10-08 01:30:00,2.4833333333333334
2020-10-08 02:00:00,2.566666666666667
2020-10-08 02:30:00,2.25
2020-10-08 03:00:00,2.4166666666666665
2020-10-08 03:30:00,2.7333333333333334
2020-10-08 04:00:00,2.3666666666666667
2020-10-08 04:30:00,2.25
2020-10-08 05:00:00,2.3666666666666667
2020-10-08 05:30:00,2.05
2020-10-08 06:00:00,2.433333333333333
2020-10-08 06:30:00,2.8833333333333333
2020-10-08 07:00:00,3.5166666666666666
2020-10-08 07:30:00,3.4833333333333334
2020-10-08 08:00:00,4.266666666666667
2020-10-08 08:30:00,4.183333333333334
2020-10-08 09:00:00,4.316666666666666
2020-10-08 09:30:00,4.116666666666666
2020-10-08 10:00:00,5.033333333333333
2020-10-08 10:30:00,4.9
2020-10-08 11:00:00,4.216666666666667
2020-10-08 11:30:00,4.733333333333333
2020-10-08 12:00:00,4.166666666666667
2020-10-08 12:30:00,4.05
2020-10-08 13:00:00,4.866666666666666
2020-10-08 13:30:00,3.8333333333333335
2020-10-08 14:00:00,4.35
2020-10-08 14:30:00,4.366666666666666
2020-10-08 15:00:00,4.666666666666667
2020-10-08 15:30:00,4.65
2020-10-08 16:00:00,5.133333333333334
2020-10-08 16:30:00,5.833333333333333
2020-10-08 17:00:00,5.483333333333333
2020-10-08 17:30:00,4.7
2020-10-08 18:00:00,4.683333333333334
2020-10-08 18:30:00,4.266666666666667
2020-10-08 19:00:00,4.766666666666667
2020-10-08 19:30:00,4.216666666666667
2020-10-08 20:00:00,5.016666666666667
2020-10-08 20:30:00,4.283333333333333
2020-10-08 21:00:00,4.016666666666667
2020-10-08 21:30:00,3.95
2020-10-08 22:00:00,3.9166666666666665
2020-10-08 22:30:00,3.066666666666667
2020-10-08 23:00:00,3.3833333333333333
2020-10-08 23:30:00,3.3333333333333335
2020-10-09 00:00:00,2.95
2020-10-09 00:30:00,2.816666666666667
2020-10-09 01:00:00,2.9166666666666665
2020-10-09 01:30:00,2.5
2020-10-09 02:00:00,2.3333333333333335
2020-10-09 02:30:00,2.45
2020-10-09 03:00:00,2.55
2020-10-09 03:30:00,2.3833333333333333
2020-10-09 04:00:00,2.2333333333333334
2020-10-09 04:30:00,2.55
2020-10-09 05:00:00,2.1333333333333333
2020-10-09 05:30:00,2.1333333333333333
2020-10-09 06:00:00,2.216666666666667
2020-10-09 06:30:00,2.8833333333333333
2020-10-09 07:00:00,3.216666666666667
2020-10-09 07:30:00,3.2
2020-10-09 08:00:00,4.45
2020-10-09 08:30:00,3.716666666666667
2020-10-09 09:00:00,4.85
2020-10-09 09:30:00,4.683333333333334
2020-10-09 10:00:00,5.016666666666667
2020-10-09 10:30:00,4.55
2020-10-09 11:00:00,3.9166666666666665
2020-10-09 11:30:00,3.8333333333333335
2020-10-09 12:00:00,4.366666666666666
2020-10-09 12:30:00,4.016666666666667
2020-10-09 13:00:00,4.383333333333334
2020-10-09 13:30:00,4.133333333333334
2020-10-09 14:00:00,4.683333333333334
2020-10-09 14:30:00,4.883333333333334
2020-10-09 15:00:00,5.266666666666667
2020-10-09 15:30:00,4.283333333333333
2020-10-09 16:00:00,4.4
2020-10-09 16:30:00,5.7
2020-10-09 17:00:00,5.3
2020-10-09 17:30:00,4.833333333333333
2020-10-09 18:00:00,4.466666666666667
2020-10-09 18:30:00,4.333333333333333
2020-10-09 19:00:00,4.516666666666667
2020-10-09 19:30:00,4.016666666666667
2020-10-09 20:00:00,4.933333333333334
2020-10-09 20:30:00,3.783333333333333
2020-10-09 21:00:00,3.8333333333333335
2020-10-09 21:30:00,3.95
2020-10-09 22:00:00,3.8333333333333335
2020-10-09 22:30:00,3.783333333333333
2020-10-09 23:00:00,3.5166666666666666
2020-10-09 23:30:00,3.15
2020-10-10 00:00:00,2.9
2020-10-10 00:30:00,2.966666666666667
2020-10-10 01:00:00,2.8
2020-10-10 01:30:00,2.6666666666666665
2020-10-10 02:00:00,2.316666666666667
2020-10-10 02:30:00,2.3
2020-10-10 03:00:00,2.466666666666667
2020-10-10 03:30:00,2.716666666666667
2020-10-10 04:00:00,2.1666666666666665
2020-10-10 04:30:00,2.2
2020-10-10 05:00:00,2.6166666666666667
2020-10-10 05:30:00,2.6666666666666665
2020-10-10 06:00:00,2.566666666666667
2020-10-10 06:30:00,2.716666666666667
2020-10-10 07:00:00,2.5833333333333335
2020-10-10 07:30:00,3.0833333333333335
2020-10-10 08:00:00,3.316666666666667
2020-10-10 08:30:00,3.4
2020-10-10 09:00:00,3.6
2020-10-10 09:30:00,3.566666666666667
2020-10-10 10:00:00,3.8666666666666667
2020-10-10 10:30:00,3.6666666666666665
2020-10-10 11:00:00,3.5166666666666666
2020-10-10 11:30:00,3.3333333333333335
2020-10-10 12:00:00,3.1166666666666667
2020-10-10 12:30:00,3.5833333333333335
2020-10-10 13:00:00,3.566666666666667
2020-10-10 13:30:00,3.5
2020-10-10 14:00:00,3.716666666666667
2020-10-10 14:30:00,3.533333333333333
2020-10-10 15:00:00,3.6333333333333333
2020-10-10 15:30:00,3.6333333333333333
2020-10-10 16:00:00,3.816666666666667
2020-10-10 16:30:00,4.016666666666667
2020-10-10 17:00:00,4
2020-10-10 17:30:00,3.816666666666667
2020-10-10 18:00:00,3.7333333333333334
2020-10-10 18:30:00,3.5166666666666666
2020-10-10 19:00:00,3.6333333333333333
2020-10-10 19:30:00,3.816666666666667
2020-10-10 20:00:00,3.466666666666667
2020-10-10 20:30:00,3.6333333333333333
2020-10-10 21:00:00,3.85
2020-10-10 21:30:00,3.7333333333333334
2020-10-10 22:00:00,3.3666666666666667
2020-10-10 22:30:00,3.183333333333333
2020-10-10 23:00:00,2.85
2020-10-10 23:30:00,2.966666666666667
2020-10-11 00:00:00,2.7
2020-10-11 00:30:00,2.3833333333333333
2020-10-11 01:00:00,2.2666666666666666
2020-10-11 01:30:00,1.7833333333333334
2020-10-11 02:00:00,2.3666666666666667
2020-10-11 02:30:00,2.3
2020-10-11 03:00:00,2.183333333333333
2020-10-11 03:30:00,2.15
2020-10-11 04:00:00,2.183333333333333
2020-10-11 04:30:00,2.25
2020-10-11 05:00:00,2.05
2020-10-11 05:30:00,2.1166666666666667
2020-10-11 06:00:00,2.3666666666666667
2020-10-11 06:30:00,2.25
2020-10-11 07:00:00,2.4833333333333334
2020-10-11 07:30:00,2.3666666666666667
2020-10-11 08:00:00,2.55
2020-10-11 08:30:00,2.6333333333333333
2020-10-11 09:00:00,2.816666666666667
2020-10-11 09:30:00,2.5
2020-10-11 10:00:00,3.1666666666666665
2020-10-11 10:30:00,3.0166666666666666
2020-10-11 11:00:00,3.066666666666667
2020-10-11 11:30:00,3.1666666666666665
2020-10-11 12:00:00,3.433333333333333
2020-10-11 12:30:00,3.283333333333333
2020-10-11 13:00:00,3.05
2020-10-11 13:30:00,3.1166666666666667
2020-10-11 14:00:00,3.283333333333333
2020-10-11 14:30:00,3.1666666666666665
2020-10-11 15:00:00,3.816666666666667
2020-10-11 15:30:00,3.816666666666667
2020-10-11 16:00:00,3.2666666666666666
2020-10-11 16:30:00,3.683333333333333
2020-10-11 17:00:00,4
2020-10-11 17:30:00,3.65
2020-10-11 18:00:00,4.1
2020-10-11 18:30:00,3.5
2020-10-11 19:00:00,3.7
2020-10-11 19:30:00,3.466666666666667
2020-10-11 20:00:00,3.4
2020-10-11 20:30:00,3.2
2020-10-11 21:00:00,3.4
2020-10-11 21:30:00,3.5
2020-10-11 22:00:00,3.4
2020-10-11 22:30:00,3.1333333333333333
2020-10-11 23:00:00,3.316666666666667
2020-10-11 23:30:00,2.783333333333333
2020-10-12 00:00:00,2.8833333333333333
2020-10-12 00:30:00,2.716666666666667
2020-10-12 01:00:00,2.65
2020-10-12 01:30:00,1.9833333333333334
2020-10-12 02:00:00,2.5833333333333335
2020-10-12 02:30:00,2.4166666666666665
2020-10-12 03:00:00,2.783333333333333
2020-10-12 03:30:00,2.466666666666667
2020-10-12 04:00:00,2.433333333333333
2020-10-12 04:30:00,2.5166666666666666
2020-10-12 05:00:00,2.3666666666666667
2020-10-12 05:30:00,2.6333333333333333
2020-10-12 06:00:00,2.9833333333333334
2020-10-12 06:30:00,3.1
2020-10-12 07:00:00,2.85
2020-10-12 07:30:00,3.466666666666667
2020-10-12 08:00:00,3.55
2020-10-12 08:30:00,3.8
2020-10-12 09:00:00,4.5
2020-10-12 09:30:00,4.633333333333334
2020-10-12 10:00:00,3.6333333333333333
2020-10-12 10:30:00,3.716666666666667
2020-10-12 11:00:00,4.183333333333334
2020-10-12 11:30:00,4.633333333333334
2020-10-12 12:00:00,4.7
2020-10-12 12:30:00,4.083333333333333
2020-10-12 13:00:00,4.333333333333333
2020-10-12 13:30:00,4.383333333333334
2020-10-12 14:00:00,4.2
2020-10-12 14:30:00,4.266666666666667
2020-10-12 15:00:00,4.783333333333333
2020-10-12 15:30:00,4.633333333333334
2020-10-12 16:00:00,5.266666666666667
2020-10-12 16:30:00,4.833333333333333
2020-10-12 17:00:00,5.15
2020-10-12 17:30:00,4.916666666666667
2020-10-12 18:00:00,4.55
2020-10-12 18:30:00,4.466666666666667
2020-10-12 19:00:00,4.95
2020-10-12 19:30:00,4.566666666666666
2020-10-12 20:00:00,4.55
2020-10-12 20:30:00,4.7
2020-10-12 21:00:00,4.5
2020-10-12 21:30:00,4.05
2020-10-12 22:00:00,3.7333333333333334
2020-10-12 22:30:00,3.85
2020-10-12 23:00:00,3.8333333333333335
2020-10-12 23:30:00,3.533333333333333
2020-10-13 00:00:00,3.2
2020-10-13 00:30:00,2.816666666666667
2020-10-13 01:00:00,2.85
2020-10-13 01:30:00,2.6
2020-10-13 02:00:00,2.6333333333333333
2020-10-13 02:30:00,2.4
2020-10-13 03:00:00,2.1333333333333333
2020-10-13 03:30:00,2.05
2020-10-13 04:00:00,2.3333333333333335
2020-10-13 04:30:00,2.25
2020-10-13 05:00:00,2.1666666666666665
2020-10-13 05:30:00,2.4833333333333334
2020-10-13 06:00:00,2.7
2020-10-13 06:30:00,2.4833333333333334
2020-10-13 07:00:00,2.8
2020-10-13 07:30:00,3.25
2020-10-13 08:00:00,3.466666666666667
2020-10-13 08:30:00,3.3833333333333333
2020-10-13 09:00:00,3.9166666666666665
2020-10-13 09:30:00,4.15
2020-10-13 10:00:00,3.85
2020-10-13 10:30:00,4.333333333333333
2020-10-13 11:00:00,3.6666666666666665
2020-10-13 11:30:00,3.8833333333333333
2020-10-13 12:00:00,3.816666666666667
2020-10-13 12:30:00,3.85
2020-10-13 13:00:00,4.116666666666666
2020-10-13 13:30:00,4.35
2020-10-13 14:00:00,5.033333333333333
2020-10-13 14:30:00,4.383333333333334
2020-10-13 15:00:00,4.666666666666667
2020-10-13 15:30:00,4.6
2020-10-13 16:00:00,4.566666666666666
2020-10-13 16:30:00,5.416666666666667
2020-10-13 17:00:00,4.85
2020-10-13 17:30:00,4.5
2020-10-13 18:00:00,4.416666666666667
2020-10-13 18:30:00,4.216666666666667
2020-10-13 19:00:00,4.416666666666667
2020-10-13 19:30:00,4.55
2020-10-13 20:00:00,4.85
2020-10-13 20:30:00,4.433333333333334
2020-10-13 21:00:00,4.2
2020-10-13 21:30:00,4.066666666666666
2020-10-13 22:00:00,3.8333333333333335
2020-10-13 22:30:00,3.7666666666666666
2020-10-13 23:00:00,3.2333333333333334
2020-10-13 23:30:00,3.15
2020-10-14 00:00:00,3.216666666666667
2020-10-14 00:30:00,2.85
2020-10-14 01:00:00,2.95
2020-10-14 01:30:00,2.6166666666666667
2020-10-14 02:00:00,2.7333333333333334
2020-10-14 02:30:00,2.5166666666666666
2020-10-14 03:00:00,2.8833333333333333
2020-10-14 03:30:00,2.6
2020-10-14 04:00:00,2.1
2020-10-14 04:30:00,3.033333333333333
2020-10-14 05:00:00,2.9
2020-10-14 05:30:00,2.6166666666666667
2020-10-14 06:00:00,3
2020-10-14 06:30:00,2.8
2020-10-14 07:00:00,2.9833333333333334
2020-10-14 07:30:00,3.1333333333333333
2020-10-14 08:00:00,3.35
2020-10-14 08:30:00,3.4833333333333334
2020-10-14 09:00:00,3.9
2020-10-14 09:30:00,4.233333333333333
2020-10-14 10:00:00,3.9
2020-10-14 10:30:00,4.65
2020-10-14 11:00:00,3.9833333333333334
2020-10-14 11:30:00,3.966666666666667
2020-10-14 12:00:00,3.55
2020-10-14 12:30:00,4.2
2020-10-14 13:00:00,4.583333333333333
2020-10-14 13:30:00,5.05
2020-10-14 14:00:00,4.666666666666667
2020-10-14 14:30:00,4.416666666666667
2020-10-14 15:00:00,4.283333333333333
2020-10-14 15:30:00,5.15
2020-10-14 16:00:00,4.95
2020-10-14 16:30:00,4.833333333333333
2020-10-14 17:00:00,4.966666666666667
2020-10-14 17:30:00,4.666666666666667
2020-10-14 18:00:00,4.95
2020-10-14 18:30:00,4.45
2020-10-14 19:00:00,4.583333333333333
2020-10-14 19:30:00,4.75
2020-10-14 20:00:00,4.716666666666667
2020-10-14 20:30:00,4.266666666666667
2020-10-14 21:00:00,4.233333333333333
2020-10-14 21:30:00,4.1
2020-10-14 22:00:00,3.6
2020-10-14 22:30:00,3.85
2020-10-14 23:00:00,3.25
2020-10-14 23:30:00,3.4
2020-10-15 00:00:00,2.933333333333333
2020-10-15 00:30:00,2.716666666666667
2020-10-15 01:00:00,2.433333333333333
2020-10-15 01:30:00,2.4
2020-10-15 02:00:00,2.5166666666666666
2020-10-15 02:30:00,2.15
2020-10-15 03:00:00,2.25
2020-10-15 03:30:00,2.4833333333333334
2020-10-15 04:00:00,2.5833333333333335
2020-10-15 04:30:00,2.4166666666666665
2020-10-15 05:00:00,2.7666666666666666
2020-10-15 05:30:00,2.6333333333333333
2020-10-15 06:00:00,2.85
2020-10-15 06:30:00,2.966666666666667
2020-10-15 07:00:00,3.3666666666666667
2020-10-15 07:30:00,3.1666666666666665
2020-10-15 08:00:00,3.6333333333333333
2020-10-15 08:30:00,4.1
2020-10-15 09:00:00,3.933333333333333
2020-10-15 09:30:00,4.016666666666667
2020-10-15 10:00:00,3.966666666666667
2020-10-15 10:30:00,4.133333333333334
2020-10-15 11:00:00,4.016666666666667
2020-10-15 11:30:00,3.8666666666666667
2020-10-15 12:00:00,4.266666666666667
2020-10-15 12:30:00,3.9833333333333334
2020-10-15 13:00:00,4.083333333333333
2020-10-15 13:30:00,4.55
2020-10-15 14:00:00,4.633333333333334
2020-10-15 14:30:00,4.483333333333333
2020-10-15 15:00:00,4.35
2020-10-15 15:30:00,4.816666666666666
2020-10-15 16:00:00,4.783333333333333
2020-10-15 16:30:00,5.05
2020-10-15 17:00:00,5.05
2020-10-15 17:30:00,4.933333333333334
2020-10-15 18:00:00,4.616666666666666
2020-10-15 18:30:00,4.9
2020-10-15 19:00:00,4.883333333333334
2020-10-15 19:30:00,4.633333333333334
2020-10-15 20:00:00,4.6
2020-10-15 20:30:00,4.833333333333333
2020-10-15 21:00:00,4.166666666666667
2020-10-15 21:30:00,4.466666666666667
2020-10-15 22:00:00,4.183333333333334
2020-10-15 22:30:00,3.8333333333333335
2020-10-15 23:00:00,3.466666666666667
2020-10-15 23:30:00,3.15
2020-10-16 00:00:00,2.933333333333333
2020-10-16 00:30:00,3.15
2020-10-16 01:00:00,2.466666666666667
2020-10-16 01:30:00,2.816666666666667
2020-10-16 02:00:00,2.6166666666666667
2020-10-16 02:30:00,2.75
2020-10-16 03:00:00,2.55
2020-10-16 03:30:00,2.8333333333333335
2020-10-16 04:00:00,2.533333333333333
2020-10-16 04:30:00,2.5833333333333335
2020-10-16 05:00:00,2.2666666666666666
2020-10-16 05:30:00,2.55
2020-10-16 06:00:00,3.066666666666667
2020-10-16 06:30:00,2.5
2020-10-16 07:00:00,2.9833333333333334
2020-10-16 07:30:00,3.1666666666666665
2020-10-16 08:00:00,3.683333333333333
2020-10-16 08:30:00,3.716666666666667
2020-10-16 09:00:00,4.016666666666667
2020-10-16 09:30:00,3.6333333333333333
2020-10-16 10:00:00,3.8
2020-10-16 10:30:00,3.716666666666667
2020-10-16 11:00:00,4.4
2020-10-16 11:30:00,4.283333333333333
2020-10-16 12:00:00,3.8833333333333333
2020-10-16 12:30:00,4.233333333333333
2020-10-16 13:00:00,4.483333333333333
2020-10-16 13:30:00,4.066666666666666
2020-10-16 14:00:00,4.916666666666667
2020-10-16 14:30:00,4.566666666666666
2020-10-16 15:00:00,4.583333333333333
2020-10-16 15:30:00,4.733333333333333
2020-10-16 16:00:00,4.283333333333333
2020-10-16 16:30:00,4.916666666666667
2020-10-16 17:00:00,4.75
2020-10-16 17:30:00,4.65
2020-10-16 18:00:00,4.633333333333334
2020-10-16 18:30:00,4.5
2020-10-16 19:00:00,4.333333333333333
2020-10-16 19:30:00,3.95
2020-10-16 20:00:00,4.083333333333333
2020-10-16 20:30:00,3.816666666666667
2020-10-16 21:00:00,4.166666666666667
2020-10-16 21:30:00,4.133333333333334
2020-10-16 22:00:00,3.6666666666666665
2020-10-16 22:30:00,3.6
2020-10-16 23:00:00,3.566666666666667
2020-10-16 23:30:00,3.25
2020-10-17 00:00:00,3.1333333333333333
2020-10-17 00:30:00,2.75
2020-10-17 01:00:00,2.8333333333333335
2020-10-17 01:30:00,2.6666666666666665
2020-10-17 02:00:00,2.316666666666667
2020-10-17 02:30:00,2.45
2020-10-17 03:00:00,2.5833333333333335
2020-10-17 03:30:00,2.7666666666666666
2020-10-17 04:00:00,2.5833333333333335
2020-10-17 04:30:00,2.1166666666666667
2020-10-17 05:00:00,2.6333333333333333
2020-10-17 05:30:00,2.3833333333333333
2020-10-17 06:00:00,2.466666666666667
2020-10-17 06:30:00,2.6666666666666665
2020-10-17 07:00:00,2.933333333333333
2020-10-17 07:30:00,3.1166666666666667
2020-10-17 08:00:00,3.2
2020-10-17 08:30:00,3
2020-10-17 09:00:00,3.15
2020-10-17 09:30:00,3.5
2020-10-17 10:00:00,3.3666666666666667
2020-10-17 10:30:00,3.4166666666666665
2020-10-17 11:00:00,2.9833333333333334
2020-10-17 11:30:00,2.85
2020-10-17 12:00:00,3.5166666666666666
2020-10-17 12:30:00,3.216666666666667
2020-10-17 13:00:00,3.3666666666666667
2020-10-17 13:30:00,3.7666666666666666
2020-10-17 14:00:00,3.466666666666667
2020-10-17 14:30:00,3.55
2020-10-17 15:00:00,3.5166666666666666
2020-10-17 15:30:00,3.8666666666666667
2020-10-17 16:00:00,3.933333333333333
2020-10-17 16:30:00,3.683333333333333
2020-10-17 17:00:00,3.966666666666667
2020-10-17 17:30:00,3.65
2020-10-17 18:00:00,3.7333333333333334
2020-10-17 18:30:00,3.8666666666666667
2020-10-17 19:00:00,3.8
2020-10-17 19:30:00,3.15
2020-10-17 20:00:00,3.533333333333333
2020-10-17 20:30:00,3.433333333333333
2020-10-17 21:00:00,3.6333333333333333
2020-10-17 21:30:00,3.35
2020-10-17 22:00:00,3.1166666666666667
2020-10-17 22:30:00,3.05
2020-10-17 23:00:00,3.1
2020-10-17 23:30:00,2.7333333333333334
2020-10-18 00:00:00,2.433333333333333
2020-10-18 00:30:00,2.283333333333333
2020-10-18 01:00:00,2.1666666666666665
2020-10-18 01:30:00,1.7666666666666666
2020-10-18 02:00:00,2.3666666666666667
2020-10-18 02:30:00,2.1166666666666667
2020-10-18 03:00:00,2.0166666666666666
2020-10-18 03:30:00,2.1
2020-10-18 04:00:00,2.05
2020-10-18 04:30:00,2.15
2020-10-18 05:00:00,2.1666666666666665
2020-10-18 05:30:00,2.3666666666666667
2020-10-18 06:00:00,2.05
2020-10-18 06:30:00,2.2333333333333334
2020-10-18 07:00:00,2.6
2020-10-18 07:30:00,2.4
2020-10-18 08:00:00,2.783333333333333
2020-10-18 08:30:00,2.5166666666666666
2020-10-18 09:00:00,2.783333333333333
2020-10-18 09:30:00,2.7
2020-10-18 10:00:00,2.7
2020-10-18 10:30:00,2.8833333333333333
2020-10-18 11:00:00,3
2020-10-18 11:30:00,2.683333333333333
2020-10-18 12:00:00,2.816666666666667
2020-10-18 12:30:00,2.716666666666667
2020-10-18 13:00:00,2.566666666666667
2020-10-18 13:30:00,3.066666666666667
2020-10-18 14:00:00,3.5
2020-10-18 14:30:00,3.0166666666666666
2020-10-18 15:00:00,3.6333333333333333
2020-10-18 15:30:00,3.2333333333333334
2020-10-18 16:00:00,3.533333333333333
2020-10-18 16:30:00,3.5166666666666666
2020-10-18 17:00:00,3.7666666666666666
2020-10-18 17:30:00,3.466666666666667
2020-10-18 18:00:00,3.5
2020-10-18 18:30:00,3.7333333333333334
2020-10-18 19:00:00,3.45
2020-10-18 19:30:00,3.3
2020-10-18 20:00:00,3.216666666666667
2020-10-18 20:30:00,3.433333333333333
2020-10-18 21:00:00,3.5166666666666666
2020-10-18 21:30:00,3.3333333333333335
2020-10-18 22:00:00,2.95
2020-10-18 22:30:00,2.8833333333333333
2020-10-18 23:00:00,2.9166666666666665
2020-10-18 23:30:00,2.6666666666666665
2020-10-19 00:00:00,2.3666666666666667
2020-10-19 00:30:00,2.2666666666666666
2020-10-19 01:00:00,2.45
2020-10-19 01:30:00,2.283333333333333
2020-10-19 02:00:00,2.1
2020-10-19 02:30:00,2.45
2020-10-19 03:00:00,2.3833333333333333
2020-10-19 03:30:00,2.216666666666667
2020-10-19 04:00:00,2.1
2020-10-19 04:30:00,2.1333333333333333
2020-10-19 05:00:00,2.1
2020-10-19 05:30:00,2.7
2020-10-19 06:00:00,3.0166666666666666
2020-10-19 06:30:00,2.7666666666666666
2020-10-19 07:00:00,2.566666666666667
2020-10-19 07:30:00,3.316666666666667
2020-10-19 08:00:00,3.3666666666666667
2020-10-19 08:30:00,3.7
2020-10-19 09:00:00,4.283333333333333
2020-10-19 09:30:00,4.583333333333333
2020-10-19 10:00:00,3.716666666666667
2020-10-19 10:30:00,4.566666666666666
2020-10-19 11:00:00,3.966666666666667
2020-10-19 11:30:00,4.15
2020-10-19 12:00:00,3.85
2020-10-19 12:30:00,4.35
2020-10-19 13:00:00,4.966666666666667
2020-10-19 13:30:00,4.533333333333333
2020-10-19 14:00:00,4.283333333333333
2020-10-19 14:30:00,4.633333333333334
2020-10-19 15:00:00,5.05
2020-10-19 15:30:00,4.866666666666666
2020-10-19 16:00:00,5.133333333333334
2020-10-19 16:30:00,5.266666666666667
2020-10-19 17:00:00,5.316666666666666
2020-10-19 17:30:00,4.683333333333334
2020-10-19 18:00:00,5.05
2020-10-19 18:30:00,4.983333333333333
2020-10-19 19:00:00,5.3
2020-10-19 19:30:00,5.133333333333334
2020-10-19 20:00:00,5.3
2020-10-19 20:30:00,4.833333333333333
2020-10-19 21:00:00,4
2020-10-19 21:30:00,4.033333333333333
2020-10-19 22:00:00,4.333333333333333
2020-10-19 22:30:00,3.7
2020-10-19 23:00:00,4.016666666666667
2020-10-19 23:30:00,3.533333333333333
2020-10-20 00:00:00,3.1
2020-10-20 00:30:00,2.4833333333333334
2020-10-20 01:00:00,2.9
2020-10-20 01:30:00,2.533333333333333
2020-10-20 02:00:00,2.75
2020-10-20 02:30:00,3.2333333333333334
2020-10-20 03:00:00,2.6
2020-10-20 03:30:00,2.683333333333333
2020-10-20 04:00:00,2.6333333333333333
2020-10-20 04:30:00,2.8333333333333335
2020-10-20 05:00:00,3.033333333333333
2020-10-20 05:30:00,3.066666666666667
2020-10-20 06:00:00,3.25
2020-10-20 06:30:00,2.783333333333333
2020-10-20 07:00:00,3.566666666666667
2020-10-20 07:30:00,3.933333333333333
2020-10-20 08:00:00,3.7666666666666666
2020-10-20 08:30:00,4.083333333333333
2020-10-20 09:00:00,3.966666666666667
2020-10-20 09:30:00,4.033333333333333
2020-10-20 10:00:00,4.516666666666667
2020-10-20 10:30:00,3.933333333333333
2020-10-20 11:00:00,3.716666666666667
2020-10-20 11:30:00,3.9
2020-10-20 12:00:00,4.383333333333334
2020-10-20 12:30:00,4.5
2020-10-20 13:00:00,4.7
2020-10-20 13:30:00,4.55
2020-10-20 14:00:00,4.866666666666666
2020-10-20 14:30:00,4.566666666666666
2020-10-20 15:00:00,4.683333333333334
2020-10-20 15:30:00,4.666666666666667
2020-10-20 16:00:00,5
2020-10-20 16:30:00,5.366666666666666
2020-10-20 17:00:00,5.066666666666666
2020-10-20 17:30:00,5.2
2020-10-20 18:00:00,4.833333333333333
2020-10-20 18:30:00,4.366666666666666
2020-10-20 19:00:00,4.416666666666667
2020-10-20 19:30:00,3.716666666666667
2020-10-20 20:00:00,3.9
2020-10-20 20:30:00,4.016666666666667
2020-10-20 21:00:00,4.1
2020-10-20 21:30:00,4.066666666666666
2020-10-20 22:00:00,3.433333333333333
2020-10-20 22:30:00,3.683333333333333
2020-10-20 23:00:00,3.2
2020-10-20 23:30:00,2.933333333333333
2020-10-21 00:00:00,2.8666666666666667
2020-10-21 00:30:00,2.566666666666667
2020-10-21 01:00:00,2.55
2020-10-21 01:30:00,2.1666666666666665
2020-10-21 02:00:00,2.533333333333333
2020-10-21 02:30:00,2.6
2020-10-21 03:00:00,2.3666666666666667
2020-10-21 03:30:00,2.2666666666666666
2020-10-21 04:00:00,2.8833333333333333
2020-10-21 04:30:00,2.95
2020-10-21 05:00:00,2.6
2020-10-21 05:30:00,2.7333333333333334
2020-10-21 06:00:00,3.216666666666667
2020-10-21 06:30:00,2.95
2020-10-21 07:00:00,3.433333333333333
2020-10-21 07:30:00,3.566666666666667
2020-10-21 08:00:00,3.9166666666666665
2020-10-21 08:30:00,4.183333333333334
2020-10-21 09:00:00,4.15
2020-10-21 09:30:00,3.8833333333333333
2020-10-21 10:00:00,3.816666666666667
2020-10-21 10:30:00,4.283333333333333
2020-10-21 11:00:00,4.35
2020-10-21 11:30:00,4.25
2020-10-21 12:00:00,4.3
2020-10-21 12:30:00,4.033333333333333
2020-10-21 13:00:00,3.9166666666666665
2020-10-21 13:30:00,4.266666666666667
2020-10-21 14:00:00,4.533333333333333
2020-10-21 14:30:00,4.9
2020-10-21 15:00:00,5.083333333333333
2020-10-21 15:30:00,5.35
2020-10-21 16:00:00,5.6
2020-10-21 16:30:00,5.7
2020-10-21 17:00:00,5.783333333333333
2020-10-21 17:30:00,5.45
2020-10-21 18:00:00,5.15
2020-10-21 18:30:00,5.333333333333333
2020-10-21 19:00:00,4.966666666666667
2020-10-21 19:30:00,4.383333333333334
2020-10-21 20:00:00,4.433333333333334
2020-10-21 20:30:00,4.233333333333333
2020-10-21 21:00:00,4.216666666666667
2020-10-21 21:30:00,4.066666666666666
2020-10-21 22:00:00,4.1
2020-10-21 22:30:00,4.4
2020-10-21 23:00:00,3.1
2020-10-21 23:30:00,3.4
2020-10-22 00:00:00,3.4166666666666665
2020-10-22 00:30:00,3.0166666666666666
2020-10-22 01:00:00,2.6666666666666665
2020-10-22 01:30:00,2.6666666666666665
2020-10-22 02:00:00,2.6333333333333333
2020-10-22 02:30:00,2.4
2020-10-22 03:00:00,2.6666666666666665
2020-10-22 03:30:00,2.5833333333333335
2020-10-22 04:00:00,2.533333333333333
2020-10-22 04:30:00,2.283333333333333
2020-10-22 05:00:00,2.533333333333333
2020-10-22 05:30:00,2.566666666666667
2020-10-22 06:00:00,2.566666666666667
2020-10-22 06:30:00,2.8833333333333333
2020-10-22 07:00:00,3.25
2020-10-22 07:30:00,3.2
2020-10-22 08:00:00,3.6166666666666667
2020-10-22 08:30:00,4.85
2020-10-22 09:00:00,4.216666666666667
2020-10-22 09:30:00,3.8666666666666667
2020-10-22 10:00:00,3.85
2020-10-22 10:30:00,4.233333333333333
2020-10-22 11:00:00,4.083333333333333
2020-10-22 11:30:00,4.3
2020-10-22 12:00:00,4.033333333333333
2020-10-22 12:30:00,4.2
2020-10-22 13:00:00,4.483333333333333
2020-10-22 13:30:00,4.25
2020-10-22 14:00:00,4.55
2020-10-22 14:30:00,4.666666666666667
2020-10-22 15:00:00,4.783333333333333
2020-10-22 15:30:00,4.9
2020-10-22 16:00:00,4.7
2020-10-22 16:30:00,5.2
2020-10-22 17:00:00,4.883333333333334
2020-10-22 17:30:00,4.45
2020-10-22 18:00:00,4.516666666666667
2020-10-22 18:30:00,4.95
2020-10-22 19:00:00,4.816666666666666
2020-10-22 19:30:00,4.283333333333333
2020-10-22 20:00:00,4.483333333333333
2020-10-22 20:30:00,4.816666666666666
2020-10-22 21:00:00,3.933333333333333
2020-10-22 21:30:00,3.8666666666666667
2020-10-22 22:00:00,3.783333333333333
2020-10-22 22:30:00,3.4
2020-10-22 23:00:00,3.6666666666666665
2020-10-22 23:30:00,3.566666666666667
2020-10-23 00:00:00,3.1166666666666667
2020-10-23 00:30:00,3.033333333333333
2020-10-23 01:00:00,2.9166666666666665
2020-10-23 01:30:00,2.1666666666666665
2020-10-23 02:00:00,2
2020-10-23 02:30:00,2.2333333333333334
2020-10-23 03:00:00,2.316666666666667
2020-10-23 03:30:00,2.533333333333333
2020-10-23 04:00:00,2.5
2020-10-23 04:30:00,2.316666666666667
2020-10-23 05:00:00,2.316666666666667
2020-10-23 05:30:00,2.433333333333333
2020-10-23 06:00:00,2.6333333333333333
2020-10-23 06:30:00,2.9166666666666665
2020-10-23 07:00:00,3.216666666666667
2020-10-23 07:30:00,3.2666666666666666
2020-10-23 08:00:00,4.016666666666667
2020-10-23 08:30:00,4.15
2020-10-23 09:00:00,3.6
2020-10-23 09:30:00,3.7
2020-10-23 10:00:00,3.7666666666666666
2020-10-23 10:30:00,4.05
2020-10-23 11:00:00,4.166666666666667
2020-10-23 11:30:00,4.016666666666667
2020-10-23 12:00:00,3.9
2020-10-23 12:30:00,4.016666666666667
2020-10-23 13:00:00,4.2
2020-10-23 13:30:00,4.5
2020-10-23 14:00:00,4.35
2020-10-23 14:30:00,4.233333333333333
2020-10-23 15:00:00,4.716666666666667
2020-10-23 15:30:00,4.65
2020-10-23 16:00:00,4.1
2020-10-23 16:30:00,4.783333333333333
2020-10-23 17:00:00,4.383333333333334
2020-10-23 17:30:00,4.966666666666667
2020-10-23 18:00:00,4.45
2020-10-23 18:30:00,4.533333333333333
2020-10-23 19:00:00,4.216666666666667
2020-10-23 19:30:00,4.033333333333333
2020-10-23 20:00:00,4.1
2020-10-23 20:30:00,3.7
2020-10-23 21:00:00,3.85
2020-10-23 21:30:00,3.7666666666666666
2020-10-23 22:00:00,3.783333333333333
2020-10-23 22:30:00,3.5
2020-10-23 23:00:00,3.2333333333333334
2020-10-23 23:30:00,3.066666666666667
2020-10-24 00:00:00,2.8666666666666667
2020-10-24 00:30:00,2.7
2020-10-24 01:00:00,2.8666666666666667
2020-10-24 01:30:00,2.3333333333333335
2020-10-24 02:00:00,2.316666666666667
2020-10-24 02:30:00,2.2333333333333334
2020-10-24 03:00:00,2.316666666666667
2020-10-24 03:30:00,2.4166666666666665
2020-10-24 04:00:00,2.183333333333333
2020-10-24 04:30:00,2.433333333333333
2020-10-24 05:00:00,2
2020-10-24 05:30:00,2.25
2020-10-24 06:00:00,2.1333333333333333
2020-10-24 06:30:00,2.2666666666666666
2020-10-24 07:00:00,2.45
2020-10-24 07:30:00,2.5833333333333335
2020-10-24 08:00:00,3.15
2020-10-24 08:30:00,3.3666666666666667
2020-10-24 09:00:00,3.1333333333333333
2020-10-24 09:30:00,4.016666666666667
2020-10-24 10:00:00,3.3
2020-10-24 10:30:00,3.533333333333333
2020-10-24 11:00:00,3.5166666666666666
2020-10-24 11:30:00,3.75
2020-10-24 12:00:00,3.6333333333333333
2020-10-24 12:30:00,3.6
2020-10-24 13:00:00,3.7333333333333334
2020-10-24 13:30:00,3.65
2020-10-24 14:00:00,3.5
2020-10-24 14:30:00,3.7333333333333334
2020-10-24 15:00:00,3.85
2020-10-24 15:30:00,3.816666666666667
2020-10-24 16:00:00,3.8833333333333333
2020-10-24 16:30:00,4.283333333333333
2020-10-24 17:00:00,4.133333333333334
2020-10-24 17:30:00,3.75
2020-10-24 18:00:00,3.816666666666667
2020-10-24 18:30:00,3.6
2020-10-24 19:00:00,3.933333333333333
2020-10-24 19:30:00,3.716666666666667
2020-10-24 20:00:00,3.9
2020-10-24 20:30:00,3.683333333333333
2020-10-24 21:00:00,3.283333333333333
2020-10-24 21:30:00,3.15
2020-10-24 22:00:00,3.283333333333333
2020-10-24 22:30:00,2.85
2020-10-24 23:00:00,2.6166666666666667
2020-10-24 23:30:00,2.6166666666666667
2020-10-25 00:00:00,2.466666666666667
2020-10-25 00:30:00,2.283333333333333
2020-10-25 01:00:00,2.066666666666667
2020-10-25 01:30:00,2.2333333333333334
2020-10-25 01:00:00,2.066666666666667
2020-10-25 01:30:00,1.9833333333333334
2020-10-25 02:00:00,2.0166666666666666
2020-10-25 02:30:00,2.05
2020-10-25 03:00:00,1.9833333333333334
2020-10-25 03:30:00,2.1333333333333333
2020-10-25 04:00:00,2.183333333333333
2020-10-25 04:30:00,2.15
2020-10-25 05:00:00,2.0833333333333335
2020-10-25 05:30:00,2.1333333333333333
2020-10-25 06:00:00,2.4166666666666665
2020-10-25 06:30:00,2.2
2020-10-25 07:00:00,2.6
2020-10-25 07:30:00,2.65
2020-10-25 08:00:00,2.75
2020-10-25 08:30:00,2.816666666666667
2020-10-25 09:00:00,2.65
2020-10-25 09:30:00,3.0166666666666666
2020-10-25 10:00:00,3.066666666666667
2020-10-25 10:30:00,2.95
2020-10-25 11:00:00,2.95
2020-10-25 11:30:00,3
2020-10-25 12:00:00,2.933333333333333
2020-10-25 12:30:00,3.1
2020-10-25 13:00:00,3.2
2020-10-25 13:30:00,3.3833333333333333
2020-10-25 14:00:00,3.066666666666667
2020-10-25 14:30:00,3.5166666666666666
2020-10-25 15:00:00,3.65
2020-10-25 15:30:00,3.533333333333333
2020-10-25 16:00:00,3.75
2020-10-25 16:30:00,3.683333333333333
2020-10-25 17:00:00,3.316666666666667
2020-10-25 17:30:00,3.4166666666666665
2020-10-25 18:00:00,3.4833333333333334
2020-10-25 18:30:00,3.5
2020-10-25 19:00:00,3.1166666666666667
2020-10-25 19:30:00,3.55
2020-10-25 20:00:00,3.15
2020-10-25 20:30:00,3.0833333333333335
2020-10-25 21:00:00,2.9833333333333334
2020-10-25 21:30:00,2.683333333333333
2020-10-25 22:00:00,2.8333333333333335
2020-10-25 22:30:00,2.783333333333333
2020-10-25 23:00:00,2.533333333333333
2020-10-25 23:30:00,2.316666666666667
2020-10-26 00:00:00,2.5166666666666666
2020-10-26 00:30:00,2.3833333333333333
2020-10-26 01:00:00,2.183333333333333
2020-10-26 01:30:00,2.4833333333333334
2020-10-26 02:00:00,2.55
2020-10-26 02:30:00,2.5
2020-10-26 03:00:00,2.3666666666666667
2020-10-26 03:30:00,2.3666666666666667
2020-10-26 04:00:00,2.3
2020-10-26 04:30:00,2.466666666666667
2020-10-26 05:00:00,2.8333333333333335
2020-10-26 05:30:00,2.9
2020-10-26 06:00:00,3.05
2020-10-26 06:30:00,2.8
2020-10-26 07:00:00,3.5
2020-10-26 07:30:00,3.5
2020-10-26 08:00:00,3.5166666666666666
2020-10-26 08:30:00,3.5833333333333335
2020-10-26 09:00:00,3.35
2020-10-26 09:30:00,3.6333333333333333
2020-10-26 10:00:00,3.683333333333333
2020-10-26 10:30:00,3.716666666666667
2020-10-26 11:00:00,4.15
2020-10-26 11:30:00,4.033333333333333
2020-10-26 12:00:00,4.65
2020-10-26 12:30:00,4.466666666666667
2020-10-26 13:00:00,4.483333333333333
2020-10-26 13:30:00,4.483333333333333